id,recon_count,evasion_flag,last_action,max_importance_score,avg_importance_score,count_high_importance_items,top_item_type,top_item_filesize_kb,total_filesize_kb,avg_scan_confidence,label
session_00000,2,1,SIM_READ_FILE,0.484,0.476,0,file,238,2045,0.915,SIM_NO_OP
session_00001,5,0,SIM_SCAN_PORT,0.929,0.57,2,file,654,3736,0.815,SIM_READ_FILE
session_00002,2,1,SIM_NO_OP,0.927,0.635,1,file,1486,1974,0.721,SIM_NO_OP
session_00003,5,1,SIM_SCAN_PORT,0.821,0.657,2,file,0,4272,0.701,SIM_NO_OP
session_00004,3,0,SIM_READ_FILE,0.901,0.829,3,file,2001,4137,0.781,SIM_READ_FILE
session_00005,7,0,SIM_SCAN_PORT,0.94,0.689,4,file,770,4458,0.801,SIM_READ_FILE
session_00006,1,1,SIM_READ_FILE,0.253,0.253,0,file,1190,1190,0.745,SIM_NO_OP
session_00007,7,0,SIM_SCAN_PORT,0.895,0.646,2,file,1053,6375,0.831,SIM_READ_FILE
session_00008,8,0,SIM_NO_OP,0.967,0.474,3,file,0,9689,0.772,SIM_READ_FILE
session_00009,6,0,SIM_LIST_PROCESSES,0.972,0.766,5,file,2063,5329,0.795,SIM_READ_FILE
session_00010,6,1,SIM_LIST_PROCESSES,0.923,0.476,2,file,741,4597,0.809,SIM_NO_OP
session_00011,3,1,SIM_NO_OP,0.853,0.478,1,port,0,0,0.831,SIM_NO_OP
session_00012,8,1,SIM_READ_FILE,0.997,0.521,2,process,0,1042,0.782,SIM_LIST_PROCESSES
session_00013,5,0,SIM_SCAN_PORT,0.926,0.477,1,file,1004,2304,0.72,SIM_READ_FILE
session_00014,1,0,SIM_SCAN_PORT,0.764,0.764,1,file,779,779,0.88,SIM_READ_FILE
session_00015,2,0,SIM_NO_OP,0.864,0.625,1,process,0,0,0.73,SIM_READ_FILE
session_00016,1,0,SIM_LIST_PROCESSES,0.781,0.781,1,file,1277,1277,0.885,SIM_READ_FILE
session_00017,8,0,SIM_LIST_PROCESSES,0.942,0.64,5,file,1402,8805,0.715,SIM_READ_FILE
session_00018,8,0,SIM_SCAN_PORT,0.764,0.488,3,file,1684,6823,0.7,SIM_READ_FILE
session_00019,1,0,SIM_SCAN_PORT,0.029,0.029,0,port,0,0,0.634,SIM_NO_OP
session_00020,2,0,SIM_SCAN_PORT,0.969,0.858,2,port,0,0,0.658,SIM_READ_FILE
session_00021,3,0,SIM_SCAN_PORT,0.958,0.628,1,file,783,1242,0.813,SIM_READ_FILE
session_00022,7,0,SIM_SCAN_PORT,0.864,0.557,2,file,0,4217,0.722,SIM_READ_FILE
session_00023,2,0,SIM_SCAN_PORT,0.566,0.392,0,port,0,0,0.74,SIM_SCAN_PORT
session_00024,3,0,SIM_LIST_PROCESSES,0.735,0.372,1,file,1480,2737,0.651,SIM_READ_FILE
session_00025,3,1,SIM_READ_FILE,0.866,0.542,1,file,298,722,0.8,SIM_NO_OP
session_00026,3,1,SIM_LIST_PROCESSES,0.715,0.524,1,file,1918,2906,0.806,SIM_NO_OP
session_00027,1,0,SIM_LIST_PROCESSES,0.119,0.119,0,file,2241,2241,0.842,SIM_NO_OP
session_00028,5,0,SIM_SCAN_PORT,0.847,0.502,1,port,0,905,0.78,SIM_READ_FILE
session_00029,8,0,SIM_NO_OP,0.964,0.619,4,file,2428,8930,0.734,SIM_READ_FILE
session_00030,4,0,SIM_SCAN_PORT,0.469,0.309,0,file,1807,4863,0.745,SIM_NO_OP
session_00031,2,0,SIM_SCAN_PORT,0.655,0.476,0,port,0,0,0.849,SIM_SCAN_PORT
session_00032,3,1,SIM_NO_OP,0.781,0.552,1,file,1277,2472,0.918,SIM_NO_OP
session_00033,4,1,SIM_SCAN_PORT,0.781,0.565,1,file,1277,6261,0.77,SIM_NO_OP
session_00034,2,1,SIM_READ_FILE,0.317,0.16,0,file,1028,1799,0.684,SIM_NO_OP
session_00035,6,0,SIM_LIST_PROCESSES,0.922,0.637,3,file,0,6126,0.761,SIM_READ_FILE
session_00036,8,0,SIM_NO_OP,0.916,0.471,1,file,2144,6997,0.764,SIM_READ_FILE
session_00037,5,0,SIM_NO_OP,0.892,0.697,3,file,302,6724,0.795,SIM_READ_FILE
session_00038,8,1,SIM_NO_OP,0.908,0.474,3,process,0,3611,0.741,SIM_SCAN_PORT
session_00039,4,0,SIM_SCAN_PORT,0.582,0.359,0,file,1565,2000,0.76,SIM_NO_OP
session_00040,1,0,SIM_READ_FILE,0.672,0.672,0,file,2199,2199,0.808,SIM_NO_OP
session_00041,6,0,SIM_READ_FILE,0.772,0.565,1,file,1667,4342,0.845,SIM_READ_FILE
session_00042,6,1,SIM_NO_OP,0.926,0.472,2,file,1004,5916,0.761,SIM_NO_OP
session_00043,8,0,SIM_READ_FILE,0.872,0.472,2,file,0,7095,0.72,SIM_READ_FILE
session_00044,1,0,SIM_NO_OP,0.425,0.425,0,file,722,722,0.666,SIM_NO_OP
session_00045,8,1,SIM_SCAN_PORT,0.915,0.597,4,file,2457,7707,0.749,SIM_NO_OP
session_00046,6,0,SIM_NO_OP,0.926,0.548,2,file,1786,6432,0.728,SIM_READ_FILE
session_00047,6,1,SIM_LIST_PROCESSES,0.819,0.317,1,file,2320,4199,0.823,SIM_NO_OP
session_00048,6,0,SIM_NO_OP,0.95,0.572,3,file,1148,5981,0.735,SIM_READ_FILE
session_00049,8,0,SIM_READ_FILE,0.926,0.536,2,file,1004,5370,0.779,SIM_READ_FILE
session_00050,7,0,SIM_NO_OP,0.847,0.736,5,file,0,5469,0.743,SIM_READ_FILE
session_00051,2,0,SIM_SCAN_PORT,0.868,0.69,1,file,0,1836,0.734,SIM_READ_FILE
session_00052,1,1,SIM_NO_OP,0.345,0.345,0,process,0,0,0.77,SIM_NO_OP
session_00053,6,0,SIM_SCAN_PORT,0.92,0.627,3,file,2010,4500,0.772,SIM_READ_FILE
session_00054,4,0,SIM_NO_OP,0.677,0.485,0,file,2116,4172,0.845,SIM_NO_OP
session_00055,2,0,SIM_NO_OP,0.586,0.38,0,file,0,1844,0.867,SIM_NO_OP
session_00056,5,0,SIM_NO_OP,0.876,0.523,2,file,772,4613,0.749,SIM_READ_FILE
session_00057,8,0,SIM_SCAN_PORT,1.0,0.708,5,file,0,6636,0.865,SIM_READ_FILE
session_00058,3,0,SIM_LIST_PROCESSES,0.566,0.277,0,file,0,2213,0.709,SIM_NO_OP
session_00059,4,0,SIM_SCAN_PORT,0.968,0.596,2,file,832,2948,0.644,SIM_READ_FILE
session_00060,3,0,SIM_NO_OP,0.779,0.463,1,file,1761,3391,0.814,SIM_READ_FILE
session_00061,7,0,SIM_SCAN_PORT,0.781,0.414,2,file,1277,4696,0.84,SIM_READ_FILE
session_00062,3,0,SIM_READ_FILE,0.995,0.85,2,file,1350,2698,0.726,SIM_READ_FILE
session_00063,3,0,SIM_LIST_PROCESSES,0.786,0.514,1,file,632,3424,0.937,SIM_READ_FILE
session_00064,5,0,SIM_SCAN_PORT,0.997,0.62,2,file,0,3640,0.796,SIM_READ_FILE
session_00065,2,1,SIM_LIST_PROCESSES,0.252,0.149,0,process,0,0,0.906,SIM_NO_OP
session_00066,6,0,SIM_SCAN_PORT,0.663,0.397,0,file,0,4813,0.819,SIM_NO_OP
session_00067,7,0,SIM_SCAN_PORT,0.87,0.729,5,process,0,3661,0.883,SIM_READ_FILE
session_00068,7,0,SIM_NO_OP,0.974,0.553,3,file,1310,6644,0.83,SIM_READ_FILE
session_00069,3,0,SIM_SCAN_PORT,0.925,0.571,1,file,2297,4614,0.888,SIM_READ_FILE
session_00070,3,0,SIM_SCAN_PORT,0.853,0.64,2,file,0,2138,0.819,SIM_READ_FILE
session_00071,2,0,SIM_READ_FILE,0.781,0.49,1,file,1277,2896,0.871,SIM_READ_FILE
session_00072,7,0,SIM_LIST_PROCESSES,0.993,0.737,4,file,1826,6861,0.805,SIM_READ_FILE
session_00073,8,0,SIM_LIST_PROCESSES,0.873,0.616,3,file,0,3412,0.764,SIM_READ_FILE
session_00074,1,0,SIM_NO_OP,0.497,0.497,0,file,434,434,0.686,SIM_NO_OP
session_00075,1,0,SIM_SCAN_PORT,0.738,0.738,1,file,629,629,0.808,SIM_READ_FILE
session_00076,7,0,SIM_SCAN_PORT,0.863,0.491,1,file,1918,8504,0.778,SIM_READ_FILE
session_00077,8,0,SIM_NO_OP,1.0,0.557,4,file,0,4256,0.823,SIM_READ_FILE
session_00078,6,0,SIM_READ_FILE,0.969,0.74,3,file,0,3944,0.768,SIM_READ_FILE
session_00079,3,0,SIM_LIST_PROCESSES,0.958,0.748,2,file,783,2452,0.757,SIM_READ_FILE
session_00080,3,1,SIM_SCAN_PORT,0.925,0.611,1,file,2297,3838,0.804,SIM_NO_OP
session_00081,8,1,SIM_NO_OP,0.811,0.57,2,file,862,9044,0.766,SIM_NO_OP
session_00082,1,0,SIM_LIST_PROCESSES,0.34,0.34,0,process,0,0,0.886,SIM_NO_OP
session_00083,8,0,SIM_LIST_PROCESSES,0.991,0.596,4,file,1741,3807,0.798,SIM_READ_FILE
session_00084,2,0,SIM_NO_OP,0.915,0.69,1,file,2457,4695,0.694,SIM_READ_FILE
session_00085,4,0,SIM_READ_FILE,0.586,0.376,0,process,0,2241,0.754,SIM_LIST_PROCESSES
session_00086,4,0,SIM_SCAN_PORT,0.993,0.696,2,file,0,3368,0.782,SIM_READ_FILE
session_00087,8,0,SIM_SCAN_PORT,0.949,0.687,5,port,0,3655,0.809,SIM_READ_FILE
session_00088,4,0,SIM_SCAN_PORT,0.969,0.597,1,file,0,5193,0.774,SIM_READ_FILE
session_00089,4,0,SIM_SCAN_PORT,0.981,0.6,2,port,0,837,0.906,SIM_READ_FILE
session_00090,7,0,SIM_READ_FILE,0.927,0.668,4,file,1486,8488,0.791,SIM_READ_FILE
session_00091,8,0,SIM_SCAN_PORT,0.964,0.554,4,file,1983,7565,0.863,SIM_READ_FILE
session_00092,4,0,SIM_LIST_PROCESSES,0.776,0.507,2,file,0,2499,0.679,SIM_READ_FILE
session_00093,7,1,SIM_LIST_PROCESSES,0.705,0.381,1,file,716,6474,0.739,SIM_NO_OP
session_00094,8,1,SIM_READ_FILE,0.856,0.635,2,file,1221,7066,0.79,SIM_NO_OP
session_00095,4,0,SIM_LIST_PROCESSES,0.65,0.433,0,port,423,423,0.742,SIM_SCAN_PORT
session_00096,3,0,SIM_SCAN_PORT,0.801,0.713,2,file,1597,3505,0.763,SIM_READ_FILE
session_00097,1,0,SIM_READ_FILE,0.163,0.163,0,file,1769,1769,0.86,SIM_NO_OP
session_00098,6,0,SIM_LIST_PROCESSES,0.776,0.486,3,process,855,1283,0.759,SIM_READ_FILE
session_00099,8,0,SIM_LIST_PROCESSES,0.789,0.461,2,file,0,9296,0.813,SIM_SCAN_PORT
session_00100,5,0,SIM_NO_OP,0.875,0.484,2,file,1748,4035,0.743,SIM_READ_FILE
session_00101,6,0,SIM_LIST_PROCESSES,0.779,0.532,2,file,1761,7354,0.8,SIM_NO_OP
session_00102,4,0,SIM_READ_FILE,0.642,0.419,0,file,315,2451,0.754,SIM_NO_OP
session_00103,6,0,SIM_NO_OP,0.911,0.59,3,file,0,7029,0.744,SIM_READ_FILE
session_00104,5,0,SIM_LIST_PROCESSES,0.967,0.608,2,file,0,3767,0.818,SIM_READ_FILE
session_00105,8,0,SIM_LIST_PROCESSES,1.0,0.555,4,file,0,4470,0.799,SIM_READ_FILE
session_00106,2,0,SIM_SCAN_PORT,0.642,0.525,0,file,315,315,0.771,SIM_NO_OP
session_00107,2,0,SIM_LIST_PROCESSES,0.091,0.081,0,file,0,1916,0.814,SIM_NO_OP
session_00108,3,0,SIM_LIST_PROCESSES,0.948,0.774,2,file,0,2173,0.757,SIM_READ_FILE
session_00109,8,0,SIM_READ_FILE,0.917,0.578,3,file,2112,5904,0.796,SIM_READ_FILE
session_00110,5,0,SIM_READ_FILE,0.901,0.66,2,file,2001,4413,0.722,SIM_READ_FILE
session_00111,6,1,SIM_NO_OP,0.974,0.783,5,file,1310,4470,0.785,SIM_NO_OP
session_00112,3,0,SIM_NO_OP,0.813,0.391,1,port,0,0,0.719,SIM_READ_FILE
session_00113,7,1,SIM_SCAN_PORT,0.539,0.394,0,file,650,3121,0.837,SIM_NO_OP
session_00114,7,0,SIM_NO_OP,0.799,0.4,1,file,1516,3588,0.707,SIM_READ_FILE
session_00115,7,0,SIM_READ_FILE,0.94,0.759,4,file,770,6769,0.873,SIM_READ_FILE
session_00116,7,0,SIM_NO_OP,0.911,0.505,1,file,914,5850,0.766,SIM_READ_FILE
session_00117,1,0,SIM_NO_OP,0.662,0.662,0,file,1166,1166,0.818,SIM_NO_OP
session_00118,4,0,SIM_SCAN_PORT,0.683,0.594,0,file,219,1758,0.789,SIM_NO_OP
session_00119,6,0,SIM_LIST_PROCESSES,0.821,0.619,2,file,0,3530,0.748,SIM_READ_FILE
session_00120,4,0,SIM_LIST_PROCESSES,0.869,0.529,2,file,1823,6558,0.711,SIM_READ_FILE
session_00121,7,0,SIM_SCAN_PORT,0.974,0.523,3,file,0,3896,0.751,SIM_READ_FILE
session_00122,7,0,SIM_LIST_PROCESSES,0.738,0.386,1,file,1738,6779,0.76,SIM_READ_FILE
session_00123,3,0,SIM_NO_OP,0.867,0.654,2,file,1792,2571,0.888,SIM_READ_FILE
session_00124,3,0,SIM_READ_FILE,0.901,0.543,1,file,2001,4424,0.795,SIM_READ_FILE
session_00125,6,0,SIM_READ_FILE,0.915,0.696,3,file,2457,5637,0.836,SIM_READ_FILE
session_00126,4,0,SIM_NO_OP,0.853,0.553,1,port,0,0,0.764,SIM_READ_FILE
session_00127,6,0,SIM_NO_OP,0.915,0.624,3,file,2457,6989,0.837,SIM_READ_FILE
session_00128,4,0,SIM_NO_OP,0.801,0.622,1,file,1597,4537,0.778,SIM_READ_FILE
session_00129,6,1,SIM_NO_OP,0.968,0.603,2,file,832,3780,0.851,SIM_NO_OP
session_00130,6,0,SIM_LIST_PROCESSES,0.869,0.639,2,file,1823,9290,0.802,SIM_NO_OP
session_00131,5,0,SIM_LIST_PROCESSES,0.94,0.688,3,file,770,4429,0.887,SIM_READ_FILE
session_00132,6,0,SIM_LIST_PROCESSES,0.981,0.432,1,port,0,737,0.845,SIM_READ_FILE
session_00133,6,0,SIM_READ_FILE,0.981,0.595,3,file,0,5766,0.796,SIM_READ_FILE
session_00134,2,0,SIM_NO_OP,0.892,0.834,2,file,302,302,0.799,SIM_READ_FILE
session_00135,4,0,SIM_NO_OP,0.942,0.645,1,file,1402,2371,0.671,SIM_READ_FILE
session_00136,8,1,SIM_SCAN_PORT,0.924,0.532,3,file,0,10031,0.804,SIM_NO_OP
session_00137,5,0,SIM_LIST_PROCESSES,0.349,0.272,0,file,2006,2494,0.777,SIM_NO_OP
session_00138,2,0,SIM_SCAN_PORT,0.174,0.149,0,file,0,342,0.623,SIM_NO_OP
session_00139,5,0,SIM_LIST_PROCESSES,0.916,0.541,3,file,2144,5565,0.725,SIM_READ_FILE
session_00140,4,0,SIM_READ_FILE,0.899,0.69,3,file,0,2197,0.763,SIM_READ_FILE
session_00141,7,1,SIM_NO_OP,0.978,0.719,3,file,0,2859,0.799,SIM_NO_OP
session_00142,6,0,SIM_NO_OP,0.866,0.492,2,file,592,2847,0.815,SIM_READ_FILE
session_00143,2,0,SIM_READ_FILE,0.747,0.452,1,file,0,1379,0.775,SIM_READ_FILE
session_00144,6,0,SIM_READ_FILE,0.655,0.474,0,file,0,4664,0.809,SIM_NO_OP
session_00145,4,0,SIM_LIST_PROCESSES,0.732,0.49,1,process,0,2199,0.74,SIM_READ_FILE
session_00146,2,0,SIM_READ_FILE,0.504,0.491,0,port,0,0,0.815,SIM_NO_OP
session_00147,4,0,SIM_NO_OP,0.954,0.466,1,file,0,1570,0.751,SIM_READ_FILE
session_00148,6,0,SIM_NO_OP,0.808,0.445,2,file,1525,3997,0.835,SIM_READ_FILE
session_00149,7,1,SIM_SCAN_PORT,0.939,0.648,4,file,0,3876,0.751,SIM_NO_OP
session_00150,3,0,SIM_READ_FILE,0.672,0.333,0,file,2199,3036,0.766,SIM_SCAN_PORT
session_00151,8,0,SIM_NO_OP,0.968,0.744,6,file,832,8083,0.79,SIM_READ_FILE
session_00152,2,1,SIM_SCAN_PORT,0.471,0.427,0,file,0,1784,0.834,SIM_NO_OP
session_00153,1,0,SIM_READ_FILE,0.899,0.899,1,file,243,243,0.627,SIM_READ_FILE
session_00154,4,0,SIM_LIST_PROCESSES,0.948,0.649,3,process,0,2185,0.72,SIM_READ_FILE
session_00155,5,0,SIM_SCAN_PORT,0.708,0.584,1,file,0,7080,0.781,SIM_READ_FILE
session_00156,2,0,SIM_NO_OP,0.968,0.587,1,file,832,1696,0.7,SIM_READ_FILE
session_00157,4,1,SIM_NO_OP,0.721,0.414,1,file,799,3735,0.784,SIM_NO_OP
session_00158,7,0,SIM_LIST_PROCESSES,0.864,0.54,1,file,0,3970,0.718,SIM_READ_FILE
session_00159,3,0,SIM_NO_OP,0.925,0.875,3,file,2297,4137,0.774,SIM_READ_FILE
session_00160,4,0,SIM_READ_FILE,0.931,0.545,1,file,2316,4683,0.834,SIM_READ_FILE
session_00161,4,0,SIM_READ_FILE,0.735,0.476,2,process,0,372,0.78,SIM_READ_FILE
session_00162,8,0,SIM_NO_OP,0.927,0.561,3,file,467,3653,0.644,SIM_READ_FILE
session_00163,5,0,SIM_NO_OP,0.845,0.491,2,file,0,3977,0.727,SIM_READ_FILE
session_00164,8,0,SIM_SCAN_PORT,0.933,0.608,3,process,1810,5153,0.723,SIM_READ_FILE
session_00165,2,0,SIM_SCAN_PORT,0.954,0.846,2,file,0,629,0.823,SIM_READ_FILE
session_00166,1,0,SIM_NO_OP,0.663,0.663,0,process,0,0,0.696,SIM_LIST_PROCESSES
session_00167,6,0,SIM_LIST_PROCESSES,0.815,0.498,2,file,667,5303,0.781,SIM_READ_FILE
session_00168,7,0,SIM_READ_FILE,0.967,0.737,5,port,0,3194,0.734,SIM_READ_FILE
session_00169,5,0,SIM_SCAN_PORT,0.995,0.626,3,file,2136,7477,0.72,SIM_READ_FILE
session_00170,4,1,SIM_NO_OP,0.948,0.647,2,file,0,3892,0.777,SIM_NO_OP
session_00171,5,0,SIM_LIST_PROCESSES,0.627,0.532,0,file,1621,5871,0.851,SIM_NO_OP
session_00172,4,0,SIM_NO_OP,0.875,0.628,2,file,1748,3432,0.768,SIM_READ_FILE
session_00173,4,1,SIM_NO_OP,0.954,0.648,2,file,0,3095,0.736,SIM_NO_OP
session_00174,4,1,SIM_LIST_PROCESSES,0.781,0.424,1,file,1277,5037,0.833,SIM_NO_OP
session_00175,2,0,SIM_LIST_PROCESSES,0.717,0.578,1,file,724,724,0.781,SIM_READ_FILE
session_00176,4,0,SIM_SCAN_PORT,0.627,0.361,0,file,1621,4260,0.781,SIM_NO_OP
session_00177,7,0,SIM_SCAN_PORT,0.926,0.634,2,file,1004,6733,0.826,SIM_READ_FILE
session_00178,2,0,SIM_LIST_PROCESSES,0.628,0.432,0,file,0,2484,0.883,SIM_NO_OP
session_00179,3,0,SIM_NO_OP,0.995,0.484,1,file,2136,2907,0.814,SIM_READ_FILE
session_00180,7,0,SIM_LIST_PROCESSES,0.997,0.545,2,file,0,5141,0.85,SIM_READ_FILE
session_00181,8,0,SIM_NO_OP,0.786,0.512,2,file,1789,8619,0.807,SIM_READ_FILE
session_00182,7,0,SIM_NO_OP,0.974,0.586,4,process,0,1811,0.751,SIM_READ_FILE
session_00183,2,0,SIM_LIST_PROCESSES,0.808,0.632,1,file,1525,1525,0.799,SIM_READ_FILE
session_00184,5,0,SIM_NO_OP,0.846,0.505,1,file,2185,4919,0.787,SIM_READ_FILE
session_00185,2,0,SIM_SCAN_PORT,0.627,0.626,0,file,1621,1621,0.917,SIM_NO_OP
session_00186,1,0,SIM_LIST_PROCESSES,0.853,0.853,1,port,0,0,0.819,SIM_READ_FILE
session_00187,2,0,SIM_SCAN_PORT,0.899,0.505,1,port,0,0,0.827,SIM_READ_FILE
session_00188,1,0,SIM_READ_FILE,0.781,0.781,1,file,1277,1277,0.885,SIM_READ_FILE
session_00189,2,0,SIM_SCAN_PORT,0.438,0.424,0,file,2014,2014,0.793,SIM_NO_OP
session_00190,7,0,SIM_SCAN_PORT,0.974,0.69,3,file,1310,4395,0.772,SIM_READ_FILE
session_00191,3,0,SIM_SCAN_PORT,0.899,0.504,1,file,243,563,0.734,SIM_READ_FILE
session_00192,2,0,SIM_READ_FILE,0.712,0.458,1,file,0,1350,0.75,SIM_READ_FILE
session_00193,3,1,SIM_SCAN_PORT,0.993,0.94,3,file,1826,3938,0.798,SIM_NO_OP
session_00194,7,0,SIM_READ_FILE,0.995,0.678,4,process,2136,4546,0.824,SIM_READ_FILE
session_00195,2,0,SIM_SCAN_PORT,0.862,0.819,2,file,2009,2009,0.647,SIM_READ_FILE
session_00196,8,0,SIM_SCAN_PORT,0.988,0.661,4,file,0,3155,0.731,SIM_READ_FILE
session_00197,7,0,SIM_LIST_PROCESSES,0.974,0.629,4,file,0,6302,0.827,SIM_READ_FILE
session_00198,8,0,SIM_NO_OP,0.892,0.496,1,file,302,5450,0.846,SIM_LIST_PROCESSES
session_00199,8,1,SIM_SCAN_PORT,0.964,0.676,5,file,1983,9929,0.849,SIM_NO_OP
session_00200,6,1,SIM_SCAN_PORT,0.786,0.377,1,file,632,4057,0.766,SIM_NO_OP
session_00201,4,1,SIM_LIST_PROCESSES,0.79,0.264,1,file,1477,3038,0.928,SIM_NO_OP
session_00202,3,0,SIM_READ_FILE,0.401,0.299,0,process,1948,1948,0.769,SIM_SCAN_PORT
session_00203,2,1,SIM_READ_FILE,0.455,0.371,0,file,0,2413,0.896,SIM_NO_OP
session_00204,2,1,SIM_SCAN_PORT,0.789,0.753,2,file,0,724,0.756,SIM_NO_OP
session_00205,3,0,SIM_LIST_PROCESSES,0.586,0.339,0,port,0,2108,0.678,SIM_NO_OP
session_00206,1,0,SIM_NO_OP,0.234,0.234,0,process,0,0,0.88,SIM_NO_OP
session_00207,4,0,SIM_NO_OP,0.942,0.69,3,file,1402,3643,0.774,SIM_READ_FILE
session_00208,2,0,SIM_NO_OP,0.696,0.677,0,file,1110,2649,0.751,SIM_NO_OP
session_00209,7,0,SIM_SCAN_PORT,0.922,0.633,2,file,0,6843,0.744,SIM_READ_FILE
session_00210,1,0,SIM_LIST_PROCESSES,0.845,0.845,1,port,0,0,0.598,SIM_READ_FILE
session_00211,4,1,SIM_LIST_PROCESSES,0.566,0.297,0,file,0,1908,0.89,SIM_NO_OP
session_00212,2,0,SIM_READ_FILE,0.873,0.526,1,file,0,1605,0.699,SIM_READ_FILE
session_00213,1,0,SIM_LIST_PROCESSES,0.968,0.968,1,file,832,832,0.731,SIM_READ_FILE
session_00214,7,1,SIM_READ_FILE,0.863,0.5,3,file,1918,4432,0.8,SIM_LIST_PROCESSES
session_00215,1,0,SIM_NO_OP,0.974,0.974,1,file,1310,1310,0.754,SIM_READ_FILE
session_00216,7,0,SIM_SCAN_PORT,0.909,0.44,2,file,0,4108,0.837,SIM_READ_FILE
session_00217,2,0,SIM_LIST_PROCESSES,0.785,0.435,1,file,1950,1950,0.658,SIM_READ_FILE
session_00218,7,0,SIM_NO_OP,0.531,0.406,0,port,0,1630,0.833,SIM_NO_OP
session_00219,4,1,SIM_READ_FILE,0.779,0.691,2,file,1761,4797,0.814,SIM_NO_OP
session_00220,3,1,SIM_READ_FILE,0.474,0.324,0,file,816,2217,0.757,SIM_NO_OP
session_00221,6,0,SIM_SCAN_PORT,0.949,0.53,2,file,0,3105,0.802,SIM_READ_FILE
session_00222,2,0,SIM_NO_OP,0.808,0.45,1,file,1525,1525,0.744,SIM_READ_FILE
session_00223,2,0,SIM_READ_FILE,0.655,0.415,0,file,0,1844,0.933,SIM_NO_OP
session_00224,6,0,SIM_READ_FILE,0.873,0.523,1,file,0,6584,0.805,SIM_READ_FILE
session_00225,2,0,SIM_READ_FILE,0.994,0.76,1,file,476,476,0.758,SIM_READ_FILE
session_00226,1,1,SIM_SCAN_PORT,0.662,0.662,0,file,1166,1166,0.818,SIM_NO_OP
session_00227,3,0,SIM_NO_OP,0.73,0.542,1,file,1908,4041,0.828,SIM_READ_FILE
session_00228,4,0,SIM_SCAN_PORT,0.925,0.605,2,file,2297,5593,0.739,SIM_READ_FILE
session_00229,1,0,SIM_READ_FILE,0.424,0.424,0,file,2133,2133,0.975,SIM_NO_OP
session_00230,2,0,SIM_SCAN_PORT,0.735,0.581,1,file,1261,3177,0.977,SIM_READ_FILE
session_00231,8,0,SIM_NO_OP,0.899,0.536,2,file,243,6261,0.725,SIM_READ_FILE
session_00232,8,1,SIM_NO_OP,0.988,0.611,4,port,0,1798,0.817,SIM_SCAN_PORT
session_00233,1,1,SIM_NO_OP,0.528,0.528,0,file,638,638,0.642,SIM_NO_OP
session_00234,5,0,SIM_READ_FILE,0.933,0.605,3,file,1810,6400,0.801,SIM_READ_FILE
session_00235,3,1,SIM_LIST_PROCESSES,0.76,0.524,1,file,316,1695,0.864,SIM_NO_OP
session_00236,7,0,SIM_NO_OP,0.915,0.56,3,file,0,5288,0.716,SIM_READ_FILE
session_00237,1,0,SIM_LIST_PROCESSES,0.56,0.56,0,file,1091,1091,0.616,SIM_NO_OP
session_00238,5,0,SIM_SCAN_PORT,0.915,0.54,1,file,0,2517,0.746,SIM_READ_FILE
session_00239,4,1,SIM_READ_FILE,0.6,0.339,0,port,0,1350,0.639,SIM_NO_OP
session_00240,8,0,SIM_SCAN_PORT,0.908,0.566,3,file,0,9074,0.802,SIM_READ_FILE
session_00241,2,0,SIM_READ_FILE,0.963,0.54,1,file,0,1945,0.732,SIM_READ_FILE
session_00242,6,0,SIM_SCAN_PORT,0.993,0.682,4,file,1826,7634,0.834,SIM_READ_FILE
session_00243,3,0,SIM_LIST_PROCESSES,0.895,0.723,2,file,1053,4693,0.792,SIM_READ_FILE
session_00244,2,1,SIM_READ_FILE,0.659,0.613,0,file,1539,1539,0.728,SIM_NO_OP
session_00245,4,0,SIM_READ_FILE,0.601,0.489,0,file,1348,5392,0.763,SIM_NO_OP
session_00246,5,0,SIM_LIST_PROCESSES,0.566,0.471,0,file,0,2792,0.827,SIM_NO_OP
session_00247,6,0,SIM_NO_OP,0.964,0.692,3,file,2428,6957,0.792,SIM_READ_FILE
session_00248,7,0,SIM_LIST_PROCESSES,0.878,0.519,2,file,618,7196,0.775,SIM_READ_FILE
session_00249,4,0,SIM_NO_OP,0.873,0.305,1,file,0,2665,0.858,SIM_READ_FILE
session_00250,5,0,SIM_LIST_PROCESSES,0.933,0.575,2,file,1810,7639,0.766,SIM_READ_FILE
session_00251,1,0,SIM_SCAN_PORT,0.11,0.11,0,file,2108,2108,0.686,SIM_NO_OP
session_00252,8,0,SIM_LIST_PROCESSES,0.927,0.65,3,file,1486,7579,0.745,SIM_SCAN_PORT
session_00253,1,0,SIM_LIST_PROCESSES,0.705,0.705,1,file,716,716,0.775,SIM_READ_FILE
session_00254,2,0,SIM_READ_FILE,0.678,0.659,0,file,1837,1837,0.8,SIM_NO_OP
session_00255,4,0,SIM_LIST_PROCESSES,0.676,0.445,0,file,358,2142,0.73,SIM_NO_OP
session_00256,6,0,SIM_LIST_PROCESSES,0.786,0.342,1,port,1789,3943,0.78,SIM_READ_FILE
session_00257,4,0,SIM_READ_FILE,0.875,0.695,3,file,1748,2014,0.746,SIM_READ_FILE
session_00258,4,0,SIM_LIST_PROCESSES,0.528,0.348,0,file,1052,4326,0.806,SIM_NO_OP
session_00259,6,0,SIM_LIST_PROCESSES,0.974,0.397,1,file,1310,3810,0.785,SIM_READ_FILE
session_00260,6,1,SIM_SCAN_PORT,0.993,0.458,2,file,0,2354,0.782,SIM_NO_OP
session_00261,3,0,SIM_NO_OP,0.922,0.655,2,port,0,1190,0.736,SIM_READ_FILE
session_00262,3,0,SIM_SCAN_PORT,0.455,0.391,0,port,0,0,0.784,SIM_NO_OP
session_00263,3,0,SIM_LIST_PROCESSES,0.988,0.576,1,file,0,1369,0.816,SIM_READ_FILE
session_00264,1,0,SIM_NO_OP,0.909,0.909,1,port,0,0,0.648,SIM_READ_FILE
session_00265,1,0,SIM_LIST_PROCESSES,0.436,0.436,0,file,1065,1065,0.692,SIM_NO_OP
session_00266,2,0,SIM_READ_FILE,0.995,0.817,1,file,2136,2136,0.866,SIM_READ_FILE
session_00267,6,0,SIM_SCAN_PORT,0.997,0.6,2,file,0,4425,0.808,SIM_READ_FILE
session_00268,5,0,SIM_READ_FILE,0.993,0.763,3,file,1826,4690,0.737,SIM_READ_FILE
session_00269,1,0,SIM_NO_OP,0.521,0.521,0,file,1889,1889,0.865,SIM_NO_OP
session_00270,7,0,SIM_LIST_PROCESSES,0.923,0.702,4,file,741,5497,0.793,SIM_READ_FILE
session_00271,2,0,SIM_SCAN_PORT,0.996,0.887,2,file,1859,1859,0.84,SIM_READ_FILE
session_00272,2,1,SIM_NO_OP,0.494,0.396,0,file,1871,2086,0.863,SIM_NO_OP
session_00273,2,0,SIM_NO_OP,0.76,0.425,1,file,316,316,0.885,SIM_READ_FILE
session_00274,7,0,SIM_LIST_PROCESSES,0.899,0.531,2,file,0,6849,0.78,SIM_READ_FILE
session_00275,5,1,SIM_NO_OP,0.976,0.484,2,file,1659,6703,0.83,SIM_NO_OP
session_00276,6,0,SIM_LIST_PROCESSES,0.878,0.524,2,file,618,4831,0.781,SIM_READ_FILE
session_00277,4,0,SIM_READ_FILE,0.991,0.811,3,file,1741,2443,0.79,SIM_READ_FILE
session_00278,7,0,SIM_SCAN_PORT,0.981,0.548,4,file,0,2481,0.843,SIM_READ_FILE
session_00279,6,0,SIM_SCAN_PORT,0.688,0.485,0,file,977,7325,0.826,SIM_NO_OP
session_00280,3,1,SIM_SCAN_PORT,0.911,0.606,1,port,0,0,0.78,SIM_NO_OP
session_00281,7,0,SIM_NO_OP,0.994,0.467,1,file,476,2750,0.732,SIM_READ_FILE
session_00282,4,0,SIM_READ_FILE,0.916,0.82,4,file,2144,6112,0.7,SIM_READ_FILE
session_00283,3,1,SIM_LIST_PROCESSES,0.539,0.465,0,file,650,1466,0.824,SIM_NO_OP
session_00284,4,0,SIM_NO_OP,0.916,0.579,2,file,2144,6146,0.822,SIM_READ_FILE
session_00285,3,0,SIM_READ_FILE,0.925,0.868,3,file,2297,2964,0.809,SIM_READ_FILE
session_00286,7,0,SIM_NO_OP,0.948,0.578,2,file,0,5642,0.758,SIM_READ_FILE
session_00287,3,0,SIM_READ_FILE,0.415,0.2,0,process,0,1296,0.808,SIM_NO_OP
session_00288,2,0,SIM_SCAN_PORT,0.856,0.715,1,file,1221,1221,0.833,SIM_READ_FILE
session_00289,5,0,SIM_LIST_PROCESSES,0.981,0.511,2,file,0,1800,0.786,SIM_READ_FILE
session_00290,3,0,SIM_READ_FILE,0.981,0.794,2,process,0,0,0.831,SIM_READ_FILE
session_00291,6,0,SIM_READ_FILE,0.967,0.617,2,file,0,4367,0.833,SIM_READ_FILE
session_00292,5,1,SIM_LIST_PROCESSES,0.747,0.365,1,file,0,3848,0.763,SIM_NO_OP
session_00293,8,1,SIM_LIST_PROCESSES,0.852,0.609,2,file,1987,6125,0.783,SIM_NO_OP
session_00294,7,0,SIM_READ_FILE,0.929,0.531,2,file,654,1644,0.756,SIM_READ_FILE
session_00295,7,0,SIM_LIST_PROCESSES,0.739,0.458,1,file,2287,7589,0.738,SIM_READ_FILE
session_00296,4,0,SIM_SCAN_PORT,0.968,0.695,2,file,832,1854,0.778,SIM_READ_FILE
session_00297,8,0,SIM_NO_OP,0.997,0.623,4,file,0,7617,0.786,SIM_READ_FILE
session_00298,8,1,SIM_READ_FILE,0.927,0.741,5,file,1486,5207,0.853,SIM_NO_OP
session_00299,3,0,SIM_LIST_PROCESSES,0.735,0.463,1,file,1480,1480,0.693,SIM_READ_FILE
session_00300,5,0,SIM_READ_FILE,0.638,0.398,0,file,0,3304,0.797,SIM_NO_OP
session_00301,3,0,SIM_LIST_PROCESSES,0.837,0.445,1,file,0,1798,0.866,SIM_READ_FILE
session_00302,5,0,SIM_SCAN_PORT,0.655,0.465,0,file,0,3494,0.81,SIM_NO_OP
session_00303,4,0,SIM_NO_OP,0.948,0.73,3,file,0,4128,0.744,SIM_READ_FILE
session_00304,1,0,SIM_SCAN_PORT,0.085,0.085,0,process,0,0,0.622,SIM_NO_OP
session_00305,5,0,SIM_SCAN_PORT,0.747,0.52,2,file,0,6490,0.772,SIM_READ_FILE
session_00306,5,1,SIM_LIST_PROCESSES,0.767,0.459,1,port,687,2456,0.878,SIM_NO_OP
session_00307,7,0,SIM_SCAN_PORT,0.949,0.56,2,port,0,5952,0.833,SIM_READ_FILE
session_00308,7,0,SIM_SCAN_PORT,0.895,0.522,2,file,1053,3319,0.746,SIM_READ_FILE
session_00309,4,0,SIM_SCAN_PORT,0.978,0.679,2,port,0,0,0.746,SIM_READ_FILE
session_00310,3,0,SIM_NO_OP,0.969,0.776,2,file,0,372,0.688,SIM_READ_FILE
session_00311,5,0,SIM_READ_FILE,0.787,0.503,1,port,0,1065,0.804,SIM_READ_FILE
session_00312,4,0,SIM_SCAN_PORT,0.609,0.345,0,file,0,1979,0.868,SIM_NO_OP
session_00313,5,0,SIM_READ_FILE,0.867,0.491,2,file,1792,6275,0.883,SIM_READ_FILE
session_00314,4,0,SIM_NO_OP,0.531,0.399,0,file,0,2924,0.769,SIM_NO_OP
session_00315,3,0,SIM_NO_OP,0.852,0.521,1,file,2491,6554,0.769,SIM_READ_FILE
session_00316,3,0,SIM_LIST_PROCESSES,0.922,0.722,2,file,2293,2752,0.824,SIM_READ_FILE
session_00317,1,0,SIM_LIST_PROCESSES,0.668,0.668,0,file,370,370,0.864,SIM_NO_OP
session_00318,3,0,SIM_READ_FILE,0.827,0.676,2,file,0,1684,0.775,SIM_READ_FILE
session_00319,7,0,SIM_SCAN_PORT,0.862,0.502,1,file,2009,6561,0.789,SIM_READ_FILE
session_00320,6,0,SIM_LIST_PROCESSES,0.915,0.644,3,file,2457,5065,0.719,SIM_READ_FILE
session_00321,6,0,SIM_READ_FILE,0.717,0.435,1,file,724,5687,0.772,SIM_READ_FILE
session_00322,5,0,SIM_NO_OP,0.948,0.603,3,file,0,2416,0.814,SIM_READ_FILE
session_00323,3,0,SIM_LIST_PROCESSES,0.981,0.754,2,file,0,3660,0.799,SIM_READ_FILE
session_00324,7,1,SIM_LIST_PROCESSES,0.994,0.64,4,file,476,6394,0.77,SIM_NO_OP
session_00325,1,0,SIM_SCAN_PORT,0.517,0.517,0,file,988,988,0.716,SIM_NO_OP
session_00326,1,0,SIM_READ_FILE,0.864,0.864,1,process,0,0,0.635,SIM_READ_FILE
session_00327,1,0,SIM_NO_OP,0.892,0.892,1,file,302,302,0.986,SIM_READ_FILE
session_00328,2,0,SIM_LIST_PROCESSES,0.5,0.295,0,file,454,454,0.929,SIM_NO_OP
session_00329,1,0,SIM_READ_FILE,0.814,0.814,1,file,2212,2212,0.859,SIM_READ_FILE
session_00330,5,0,SIM_READ_FILE,0.933,0.648,3,file,1810,4002,0.697,SIM_READ_FILE
session_00331,2,0,SIM_NO_OP,0.735,0.681,1,file,1261,2882,0.973,SIM_READ_FILE
session_00332,4,0,SIM_NO_OP,0.964,0.568,2,file,1983,3827,0.829,SIM_READ_FILE
session_00333,1,0,SIM_LIST_PROCESSES,0.091,0.091,0,process,0,0,0.971,SIM_NO_OP
session_00334,8,0,SIM_LIST_PROCESSES,0.852,0.457,1,file,1987,9494,0.746,SIM_READ_FILE
session_00335,2,0,SIM_LIST_PROCESSES,0.696,0.669,0,file,1110,1110,0.768,SIM_NO_OP
session_00336,5,0,SIM_SCAN_PORT,0.875,0.741,3,file,1748,5372,0.781,SIM_READ_FILE
session_00337,6,1,SIM_LIST_PROCESSES,0.878,0.45,1,file,618,4630,0.715,SIM_NO_OP
session_00338,3,0,SIM_SCAN_PORT,0.786,0.609,1,file,1789,3341,0.705,SIM_READ_FILE
session_00339,2,1,SIM_NO_OP,0.494,0.467,0,file,1871,4172,0.734,SIM_NO_OP
session_00340,8,1,SIM_LIST_PROCESSES,0.967,0.508,2,file,0,5770,0.833,SIM_NO_OP
session_00341,1,1,SIM_NO_OP,0.764,0.764,1,file,1684,1684,0.789,SIM_NO_OP
session_00342,8,0,SIM_LIST_PROCESSES,0.94,0.628,5,file,770,5085,0.761,SIM_READ_FILE
session_00343,8,1,SIM_LIST_PROCESSES,0.767,0.492,1,file,687,9511,0.826,SIM_NO_OP
session_00344,6,0,SIM_LIST_PROCESSES,0.915,0.581,3,process,0,577,0.772,SIM_READ_FILE
session_00345,7,0,SIM_NO_OP,0.969,0.386,1,file,0,5492,0.787,SIM_READ_FILE
session_00346,3,0,SIM_SCAN_PORT,0.712,0.479,1,file,0,313,0.685,SIM_READ_FILE
session_00347,1,0,SIM_NO_OP,0.577,0.577,0,process,0,0,0.836,SIM_LIST_PROCESSES
session_00348,4,0,SIM_NO_OP,0.92,0.742,2,file,2010,6538,0.759,SIM_READ_FILE
session_00349,2,0,SIM_READ_FILE,0.638,0.571,0,port,0,0,0.916,SIM_SCAN_PORT
session_00350,1,0,SIM_READ_FILE,0.969,0.969,1,process,0,0,0.73,SIM_READ_FILE
session_00351,5,0,SIM_SCAN_PORT,0.911,0.337,1,port,914,914,0.819,SIM_READ_FILE
session_00352,1,0,SIM_SCAN_PORT,0.317,0.317,0,file,1028,1028,0.62,SIM_NO_OP
session_00353,8,0,SIM_SCAN_PORT,0.976,0.63,3,file,1659,5937,0.752,SIM_READ_FILE
session_00354,5,1,SIM_LIST_PROCESSES,0.909,0.398,2,file,0,1570,0.739,SIM_NO_OP
session_00355,7,0,SIM_LIST_PROCESSES,0.901,0.507,2,file,2001,4860,0.823,SIM_READ_FILE
session_00356,2,1,SIM_READ_FILE,0.381,0.255,0,file,0,1353,0.787,SIM_NO_OP
session_00357,8,0,SIM_NO_OP,0.873,0.623,4,process,0,3649,0.729,SIM_READ_FILE
session_00358,8,1,SIM_SCAN_PORT,0.799,0.48,3,file,1516,3657,0.752,SIM_NO_OP
session_00359,7,0,SIM_SCAN_PORT,0.993,0.767,5,file,1826,6314,0.752,SIM_READ_FILE
session_00360,3,0,SIM_SCAN_PORT,0.869,0.65,2,file,1823,4015,0.739,SIM_READ_FILE
session_00361,6,0,SIM_SCAN_PORT,0.915,0.687,3,file,1969,4460,0.796,SIM_READ_FILE
session_00362,3,0,SIM_SCAN_PORT,0.587,0.503,0,port,0,2133,0.872,SIM_NO_OP
session_00363,6,0,SIM_SCAN_PORT,0.911,0.54,2,process,0,1634,0.779,SIM_READ_FILE
session_00364,7,0,SIM_LIST_PROCESSES,0.721,0.357,1,file,799,8719,0.799,SIM_READ_FILE
session_00365,3,1,SIM_READ_FILE,0.856,0.44,1,file,1221,2085,0.781,SIM_NO_OP
session_00366,5,0,SIM_READ_FILE,0.786,0.601,3,file,1789,4047,0.747,SIM_READ_FILE
session_00367,4,0,SIM_SCAN_PORT,0.778,0.465,1,port,0,2199,0.832,SIM_READ_FILE
session_00368,1,0,SIM_SCAN_PORT,0.11,0.11,0,file,2108,2108,0.686,SIM_NO_OP
session_00369,1,0,SIM_LIST_PROCESSES,0.11,0.11,0,file,1401,1401,0.813,SIM_NO_OP
session_00370,8,0,SIM_LIST_PROCESSES,0.65,0.391,0,port,1982,3930,0.805,SIM_SCAN_PORT
session_00371,4,1,SIM_LIST_PROCESSES,0.599,0.415,0,file,1949,2942,0.902,SIM_NO_OP
session_00372,2,0,SIM_SCAN_PORT,0.763,0.645,1,file,1121,2145,0.858,SIM_READ_FILE
session_00373,5,1,SIM_SCAN_PORT,0.668,0.499,0,file,370,4980,0.862,SIM_NO_OP
session_00374,5,1,SIM_SCAN_PORT,1.0,0.533,2,process,0,1789,0.711,SIM_LIST_PROCESSES
session_00375,3,0,SIM_NO_OP,0.948,0.74,1,file,0,215,0.728,SIM_READ_FILE
session_00376,7,0,SIM_NO_OP,0.993,0.775,5,file,0,8662,0.725,SIM_READ_FILE
session_00377,1,0,SIM_NO_OP,0.627,0.627,0,file,1621,1621,0.962,SIM_NO_OP
session_00378,4,0,SIM_READ_FILE,0.763,0.443,1,file,1121,4745,0.764,SIM_READ_FILE
session_00379,5,0,SIM_NO_OP,0.776,0.357,1,file,0,1537,0.736,SIM_READ_FILE
session_00380,5,0,SIM_LIST_PROCESSES,0.776,0.57,2,file,0,4063,0.737,SIM_READ_FILE
session_00381,1,1,SIM_LIST_PROCESSES,0.339,0.339,0,process,0,0,0.839,SIM_NO_OP
session_00382,7,0,SIM_READ_FILE,0.911,0.513,2,file,914,3667,0.791,SIM_READ_FILE
session_00383,3,0,SIM_READ_FILE,0.619,0.408,0,file,766,3150,0.847,SIM_NO_OP
session_00384,3,1,SIM_LIST_PROCESSES,0.969,0.58,1,file,0,864,0.698,SIM_NO_OP
session_00385,7,0,SIM_READ_FILE,0.995,0.725,4,file,1350,6766,0.798,SIM_READ_FILE
session_00386,2,0,SIM_READ_FILE,0.504,0.443,0,port,0,0,0.878,SIM_NO_OP
session_00387,2,0,SIM_READ_FILE,0.759,0.666,1,file,2136,2136,0.891,SIM_READ_FILE
session_00388,8,1,SIM_NO_OP,0.814,0.394,2,file,1368,10238,0.769,SIM_NO_OP
session_00389,5,0,SIM_SCAN_PORT,0.732,0.368,1,file,0,3487,0.725,SIM_READ_FILE
session_00390,1,0,SIM_LIST_PROCESSES,0.471,0.471,0,process,0,0,0.819,SIM_NO_OP
session_00391,1,0,SIM_READ_FILE,0.625,0.625,0,process,0,0,0.872,SIM_LIST_PROCESSES
session_00392,6,1,SIM_SCAN_PORT,0.995,0.703,3,file,2136,6500,0.902,SIM_NO_OP
session_00393,3,0,SIM_NO_OP,0.777,0.371,1,port,0,0,0.75,SIM_READ_FILE
session_00394,2,1,SIM_READ_FILE,0.759,0.489,1,file,2136,2136,0.74,SIM_NO_OP
session_00395,8,0,SIM_LIST_PROCESSES,0.799,0.522,3,file,1516,9440,0.729,SIM_READ_FILE
session_00396,8,0,SIM_SCAN_PORT,0.95,0.611,3,file,1148,3583,0.701,SIM_READ_FILE
session_00397,3,0,SIM_NO_OP,0.688,0.678,0,file,2317,4524,0.889,SIM_NO_OP
session_00398,6,0,SIM_SCAN_PORT,0.988,0.678,4,file,0,9002,0.736,SIM_READ_FILE
session_00399,2,0,SIM_SCAN_PORT,0.875,0.72,1,file,1748,1748,0.755,SIM_READ_FILE
session_00400,3,0,SIM_READ_FILE,0.403,0.213,0,file,632,2476,0.937,SIM_NO_OP
session_00401,1,0,SIM_NO_OP,0.577,0.577,0,process,0,0,0.836,SIM_LIST_PROCESSES
session_00402,4,0,SIM_NO_OP,0.767,0.628,2,file,687,2595,0.823,SIM_READ_FILE
session_00403,3,0,SIM_SCAN_PORT,0.863,0.398,1,file,1918,4430,0.733,SIM_READ_FILE
session_00404,2,0,SIM_LIST_PROCESSES,0.801,0.782,2,file,1597,2139,0.719,SIM_READ_FILE
session_00405,3,0,SIM_LIST_PROCESSES,0.776,0.605,1,file,0,1539,0.746,SIM_READ_FILE
session_00406,3,0,SIM_READ_FILE,0.789,0.352,1,port,0,1515,0.866,SIM_READ_FILE
session_00407,8,0,SIM_SCAN_PORT,0.911,0.557,3,file,914,8961,0.857,SIM_READ_FILE
session_00408,8,0,SIM_SCAN_PORT,0.948,0.539,3,file,0,3227,0.744,SIM_READ_FILE
session_00409,3,0,SIM_READ_FILE,0.899,0.647,1,file,0,2012,0.805,SIM_READ_FILE
session_00410,7,0,SIM_READ_FILE,0.927,0.744,5,file,1486,6864,0.713,SIM_READ_FILE
session_00411,3,1,SIM_SCAN_PORT,0.866,0.78,2,file,592,2201,0.812,SIM_NO_OP
session_00412,3,0,SIM_READ_FILE,0.865,0.366,1,file,0,4158,0.756,SIM_READ_FILE
session_00413,7,0,SIM_NO_OP,0.806,0.431,1,file,1634,9734,0.733,SIM_READ_FILE
session_00414,3,1,SIM_READ_FILE,0.625,0.422,0,process,0,2001,0.873,SIM_LIST_PROCESSES
session_00415,3,0,SIM_NO_OP,0.815,0.732,1,file,667,3324,0.843,SIM_READ_FILE
session_00416,1,0,SIM_SCAN_PORT,0.061,0.061,0,port,0,0,0.635,SIM_NO_OP
session_00417,4,1,SIM_NO_OP,0.705,0.543,1,file,716,3481,0.76,SIM_NO_OP
session_00418,3,0,SIM_SCAN_PORT,0.845,0.335,1,process,0,0,0.701,SIM_READ_FILE
session_00419,2,0,SIM_READ_FILE,0.866,0.696,1,file,592,1616,0.93,SIM_NO_OP
session_00420,3,0,SIM_READ_FILE,0.976,0.566,1,file,1659,2002,0.859,SIM_READ_FILE
session_00421,2,0,SIM_READ_FILE,0.76,0.617,1,file,316,2431,0.752,SIM_READ_FILE
session_00422,7,0,SIM_NO_OP,0.703,0.275,1,file,0,7171,0.784,SIM_READ_FILE
session_00423,7,0,SIM_SCAN_PORT,0.923,0.568,2,port,741,2956,0.795,SIM_READ_FILE
session_00424,4,0,SIM_LIST_PROCESSES,0.821,0.523,2,file,0,1115,0.777,SIM_READ_FILE
session_00425,2,0,SIM_LIST_PROCESSES,0.948,0.679,1,file,0,2090,0.716,SIM_READ_FILE
session_00426,6,0,SIM_SCAN_PORT,0.878,0.489,2,file,618,5679,0.79,SIM_READ_FILE
session_00427,7,0,SIM_NO_OP,0.863,0.582,2,file,1918,4645,0.761,SIM_READ_FILE
session_00428,8,1,SIM_READ_FILE,0.927,0.462,2,file,1486,3882,0.782,SIM_NO_OP
session_00429,8,0,SIM_READ_FILE,0.915,0.511,2,file,0,6026,0.766,SIM_READ_FILE
session_00430,1,0,SIM_NO_OP,0.79,0.79,1,file,1477,1477,0.94,SIM_READ_FILE
session_00431,7,1,SIM_NO_OP,0.981,0.667,4,file,0,12153,0.806,SIM_NO_OP
session_00432,7,0,SIM_LIST_PROCESSES,0.948,0.575,3,process,0,2000,0.834,SIM_READ_FILE
session_00433,8,0,SIM_LIST_PROCESSES,0.996,0.61,3,file,1859,8479,0.807,SIM_READ_FILE
session_00434,1,0,SIM_READ_FILE,0.968,0.968,1,file,832,832,0.731,SIM_READ_FILE
session_00435,2,0,SIM_NO_OP,0.6,0.54,0,file,0,1130,0.671,SIM_NO_OP
session_00436,4,1,SIM_READ_FILE,0.435,0.309,0,port,1840,1840,0.841,SIM_NO_OP
session_00437,6,0,SIM_READ_FILE,0.916,0.531,2,file,948,6736,0.756,SIM_READ_FILE
session_00438,7,0,SIM_SCAN_PORT,0.721,0.407,1,file,799,4220,0.819,SIM_READ_FILE
session_00439,5,0,SIM_SCAN_PORT,0.663,0.468,0,file,0,3301,0.865,SIM_NO_OP
session_00440,8,0,SIM_LIST_PROCESSES,0.815,0.554,1,file,667,9908,0.793,SIM_READ_FILE
session_00441,4,0,SIM_READ_FILE,0.926,0.749,3,file,1004,3549,0.77,SIM_READ_FILE
session_00442,5,0,SIM_SCAN_PORT,0.993,0.785,3,file,1826,4714,0.847,SIM_READ_FILE
session_00443,3,0,SIM_SCAN_PORT,0.811,0.627,1,file,862,4963,0.873,SIM_READ_FILE
session_00444,4,0,SIM_SCAN_PORT,0.873,0.648,2,file,0,4327,0.773,SIM_READ_FILE
session_00445,4,0,SIM_READ_FILE,0.993,0.78,3,file,1826,3731,0.895,SIM_READ_FILE
session_00446,8,0,SIM_SCAN_PORT,0.827,0.46,2,file,0,7644,0.806,SIM_READ_FILE
session_00447,5,1,SIM_NO_OP,0.972,0.744,4,file,2063,5176,0.748,SIM_NO_OP
session_00448,1,0,SIM_LIST_PROCESSES,0.252,0.252,0,process,0,0,0.922,SIM_NO_OP
session_00449,2,0,SIM_READ_FILE,0.305,0.206,0,port,0,0,0.71,SIM_LIST_PROCESSES
session_00450,7,0,SIM_LIST_PROCESSES,0.931,0.587,3,file,2316,6741,0.762,SIM_READ_FILE
session_00451,6,0,SIM_SCAN_PORT,0.933,0.698,4,file,1810,9998,0.803,SIM_READ_FILE
session_00452,7,0,SIM_READ_FILE,0.963,0.551,4,file,0,5140,0.728,SIM_READ_FILE
session_00453,4,1,SIM_LIST_PROCESSES,0.995,0.422,1,file,1350,4090,0.771,SIM_NO_OP
session_00454,1,0,SIM_LIST_PROCESSES,0.266,0.266,0,file,343,343,0.959,SIM_NO_OP
session_00455,6,1,SIM_READ_FILE,0.922,0.481,2,file,2293,4895,0.779,SIM_NO_OP
session_00456,1,0,SIM_NO_OP,0.078,0.078,0,file,516,516,0.89,SIM_NO_OP
session_00457,2,0,SIM_SCAN_PORT,0.781,0.643,1,file,1277,1277,0.924,SIM_READ_FILE
session_00458,5,0,SIM_LIST_PROCESSES,0.927,0.578,3,file,1486,6733,0.796,SIM_READ_FILE
session_00459,3,0,SIM_NO_OP,0.776,0.586,1,file,855,2639,0.782,SIM_READ_FILE
session_00460,8,0,SIM_SCAN_PORT,0.916,0.648,4,file,2144,11277,0.782,SIM_READ_FILE
session_00461,7,0,SIM_SCAN_PORT,0.994,0.677,3,file,476,10966,0.783,SIM_READ_FILE
session_00462,7,0,SIM_NO_OP,0.948,0.628,3,file,0,5954,0.751,SIM_READ_FILE
session_00463,1,0,SIM_SCAN_PORT,0.769,0.769,1,file,451,451,0.846,SIM_READ_FILE
session_00464,2,0,SIM_READ_FILE,0.699,0.554,0,file,2438,4346,0.788,SIM_NO_OP
session_00465,8,1,SIM_LIST_PROCESSES,0.827,0.365,2,file,0,6044,0.742,SIM_NO_OP
session_00466,7,1,SIM_LIST_PROCESSES,0.866,0.579,2,file,592,4312,0.874,SIM_SCAN_PORT
session_00467,6,1,SIM_LIST_PROCESSES,0.92,0.566,3,file,2010,4273,0.845,SIM_NO_OP
session_00468,8,0,SIM_SCAN_PORT,0.997,0.623,3,process,0,1091,0.694,SIM_READ_FILE
session_00469,4,0,SIM_LIST_PROCESSES,0.863,0.617,2,file,1918,5012,0.829,SIM_READ_FILE
session_00470,1,0,SIM_LIST_PROCESSES,0.265,0.265,0,process,0,0,0.54,SIM_NO_OP
session_00471,8,0,SIM_SCAN_PORT,0.86,0.533,2,file,0,3544,0.732,SIM_READ_FILE
session_00472,1,0,SIM_NO_OP,0.091,0.091,0,process,0,0,0.971,SIM_NO_OP
session_00473,7,0,SIM_LIST_PROCESSES,0.993,0.586,2,file,1826,7706,0.834,SIM_READ_FILE
session_00474,7,0,SIM_SCAN_PORT,0.827,0.497,2,port,0,1424,0.772,SIM_READ_FILE
session_00475,5,0,SIM_NO_OP,0.927,0.519,2,file,467,5063,0.79,SIM_READ_FILE
session_00476,5,1,SIM_READ_FILE,0.915,0.533,2,file,0,1874,0.688,SIM_NO_OP
session_00477,1,0,SIM_SCAN_PORT,0.526,0.526,0,file,435,435,0.842,SIM_NO_OP
session_00478,8,0,SIM_SCAN_PORT,0.942,0.608,4,file,1402,7697,0.772,SIM_READ_FILE
session_00479,8,0,SIM_READ_FILE,0.922,0.58,3,file,0,7316,0.795,SIM_READ_FILE
session_00480,7,0,SIM_READ_FILE,0.888,0.489,3,file,1320,8002,0.713,SIM_READ_FILE
session_00481,4,0,SIM_READ_FILE,0.678,0.457,0,file,1837,4488,0.812,SIM_NO_OP
session_00482,2,0,SIM_NO_OP,0.948,0.611,1,port,0,0,0.69,SIM_READ_FILE
session_00483,5,0,SIM_READ_FILE,0.954,0.52,2,file,0,3142,0.791,SIM_READ_FILE
session_00484,5,0,SIM_LIST_PROCESSES,0.968,0.752,3,file,832,4916,0.865,SIM_READ_FILE
session_00485,6,0,SIM_LIST_PROCESSES,0.699,0.519,0,file,2438,6224,0.73,SIM_READ_FILE
session_00486,8,0,SIM_SCAN_PORT,0.993,0.522,3,file,1826,8297,0.818,SIM_READ_FILE
session_00487,1,0,SIM_LIST_PROCESSES,0.974,0.974,1,file,1310,1310,0.754,SIM_READ_FILE
session_00488,2,0,SIM_SCAN_PORT,0.922,0.846,2,file,2293,2744,0.76,SIM_READ_FILE
session_00489,8,0,SIM_READ_FILE,0.988,0.603,4,file,0,9077,0.784,SIM_READ_FILE
session_00490,8,0,SIM_SCAN_PORT,0.981,0.594,3,process,0,4841,0.856,SIM_READ_FILE
session_00491,5,1,SIM_SCAN_PORT,0.927,0.674,3,process,467,2468,0.785,SIM_LIST_PROCESSES
session_00492,6,0,SIM_READ_FILE,0.978,0.681,3,file,0,2979,0.886,SIM_READ_FILE
session_00493,6,0,SIM_NO_OP,0.949,0.508,1,file,0,4917,0.843,SIM_READ_FILE
session_00494,8,0,SIM_READ_FILE,0.735,0.409,2,file,1261,5310,0.816,SIM_READ_FILE
session_00495,2,1,SIM_READ_FILE,0.601,0.526,0,file,1348,3186,0.765,SIM_NO_OP
session_00496,8,0,SIM_SCAN_PORT,0.981,0.494,2,file,0,5168,0.812,SIM_READ_FILE
session_00497,4,0,SIM_LIST_PROCESSES,0.888,0.388,1,file,1320,2721,0.738,SIM_READ_FILE
session_00498,2,1,SIM_NO_OP,0.867,0.655,1,file,206,206,0.799,SIM_NO_OP
session_00499,1,0,SIM_READ_FILE,0.495,0.495,0,process,0,0,0.518,SIM_NO_OP
session_00500,5,0,SIM_NO_OP,0.976,0.584,2,file,1659,3583,0.819,SIM_READ_FILE
session_00501,4,0,SIM_NO_OP,0.969,0.598,1,process,0,2133,0.828,SIM_READ_FILE
session_00502,6,1,SIM_LIST_PROCESSES,0.909,0.472,2,file,0,3075,0.708,SIM_NO_OP
session_00503,6,0,SIM_SCAN_PORT,0.926,0.581,2,file,1004,3711,0.813,SIM_READ_FILE
session_00504,7,0,SIM_LIST_PROCESSES,0.981,0.546,3,file,0,2413,0.673,SIM_READ_FILE
session_00505,5,0,SIM_SCAN_PORT,0.968,0.637,2,file,832,6975,0.791,SIM_READ_FILE
session_00506,3,0,SIM_LIST_PROCESSES,0.814,0.654,2,file,2212,6040,0.801,SIM_READ_FILE
session_00507,1,0,SIM_SCAN_PORT,0.745,0.745,1,port,0,0,0.683,SIM_READ_FILE
session_00508,3,0,SIM_LIST_PROCESSES,0.65,0.475,0,file,423,3384,0.821,SIM_NO_OP
session_00509,4,0,SIM_LIST_PROCESSES,0.76,0.608,2,file,316,3046,0.843,SIM_READ_FILE
session_00510,6,0,SIM_READ_FILE,0.967,0.716,4,file,0,5606,0.776,SIM_READ_FILE
session_00511,5,0,SIM_SCAN_PORT,0.916,0.581,2,file,2144,4675,0.74,SIM_READ_FILE
session_00512,7,0,SIM_NO_OP,0.994,0.623,3,file,476,2857,0.722,SIM_READ_FILE
session_00513,1,0,SIM_LIST_PROCESSES,0.925,0.925,1,file,2297,2297,0.919,SIM_READ_FILE
session_00514,4,0,SIM_NO_OP,0.789,0.657,2,file,0,2352,0.809,SIM_READ_FILE
session_00515,2,0,SIM_NO_OP,0.995,0.984,2,file,1350,3413,0.719,SIM_READ_FILE
session_00516,6,0,SIM_READ_FILE,0.811,0.335,1,file,862,1556,0.847,SIM_READ_FILE
session_00517,7,1,SIM_NO_OP,0.601,0.391,0,file,1348,4813,0.762,SIM_NO_OP
session_00518,4,0,SIM_READ_FILE,0.495,0.277,0,process,0,0,0.705,SIM_NO_OP
session_00519,7,0,SIM_SCAN_PORT,0.869,0.573,3,file,1823,4380,0.714,SIM_READ_FILE
session_00520,6,0,SIM_NO_OP,0.95,0.574,3,file,1148,4099,0.779,SIM_READ_FILE
session_00521,8,0,SIM_READ_FILE,0.852,0.43,2,file,2491,5593,0.825,SIM_READ_FILE
session_00522,4,0,SIM_READ_FILE,0.616,0.305,0,file,786,3922,0.818,SIM_NO_OP
session_00523,8,0,SIM_SCAN_PORT,0.785,0.446,3,file,1950,7395,0.751,SIM_READ_FILE
session_00524,3,1,SIM_READ_FILE,0.776,0.446,1,port,0,0,0.686,SIM_NO_OP
session_00525,1,0,SIM_SCAN_PORT,0.776,0.776,1,file,855,855,0.825,SIM_READ_FILE
session_00526,1,0,SIM_SCAN_PORT,0.699,0.699,0,file,215,215,0.686,SIM_NO_OP
session_00527,6,0,SIM_READ_FILE,0.899,0.593,2,file,243,7250,0.769,SIM_READ_FILE
session_00528,8,0,SIM_READ_FILE,0.924,0.547,2,file,0,3525,0.827,SIM_READ_FILE
session_00529,5,1,SIM_SCAN_PORT,0.981,0.644,2,file,0,2982,0.896,SIM_NO_OP
session_00530,5,0,SIM_NO_OP,0.511,0.376,0,file,1836,4882,0.689,SIM_NO_OP
session_00531,1,0,SIM_LIST_PROCESSES,0.181,0.181,0,process,0,0,0.787,SIM_NO_OP
session_00532,7,0,SIM_LIST_PROCESSES,0.948,0.607,4,file,0,6061,0.682,SIM_READ_FILE
session_00533,3,0,SIM_LIST_PROCESSES,0.878,0.443,1,file,618,3087,0.74,SIM_READ_FILE
session_00534,3,0,SIM_LIST_PROCESSES,0.747,0.719,3,process,0,0,0.76,SIM_READ_FILE
session_00535,3,0,SIM_LIST_PROCESSES,0.475,0.303,0,file,1574,2062,0.732,SIM_NO_OP
session_00536,2,0,SIM_LIST_PROCESSES,0.31,0.299,0,file,837,2879,0.841,SIM_NO_OP
session_00537,6,0,SIM_SCAN_PORT,0.978,0.553,2,file,0,5617,0.906,SIM_READ_FILE
session_00538,4,0,SIM_SCAN_PORT,0.917,0.651,2,file,2112,7069,0.768,SIM_READ_FILE
session_00539,4,0,SIM_NO_OP,0.963,0.604,1,file,0,4367,0.731,SIM_READ_FILE
session_00540,8,1,SIM_LIST_PROCESSES,0.676,0.364,0,file,358,7032,0.763,SIM_NO_OP
session_00541,1,0,SIM_LIST_PROCESSES,0.853,0.853,1,file,1731,1731,0.737,SIM_READ_FILE
session_00542,4,0,SIM_NO_OP,0.785,0.431,1,file,1950,3923,0.803,SIM_READ_FILE
session_00543,8,0,SIM_NO_OP,0.931,0.677,4,file,2316,7757,0.801,SIM_READ_FILE
session_00544,7,0,SIM_READ_FILE,0.908,0.449,3,process,0,0,0.743,SIM_READ_FILE
session_00545,8,0,SIM_READ_FILE,0.9,0.494,3,file,280,5073,0.812,SIM_READ_FILE
session_00546,8,0,SIM_READ_FILE,0.964,0.638,3,file,2428,12837,0.848,SIM_READ_FILE
session_00547,3,1,SIM_READ_FILE,0.867,0.633,1,file,1792,3907,0.842,SIM_NO_OP
session_00548,3,0,SIM_LIST_PROCESSES,0.869,0.667,1,file,1823,2397,0.746,SIM_READ_FILE
session_00549,4,0,SIM_LIST_PROCESSES,0.79,0.56,2,file,1477,3089,0.791,SIM_READ_FILE
session_00550,2,0,SIM_SCAN_PORT,0.79,0.709,1,file,1477,3098,0.951,SIM_READ_FILE
session_00551,7,0,SIM_LIST_PROCESSES,1.0,0.526,3,process,0,2708,0.784,SIM_READ_FILE
session_00552,3,0,SIM_READ_FILE,0.48,0.46,0,file,2313,6020,0.965,SIM_NO_OP
session_00553,5,1,SIM_LIST_PROCESSES,0.954,0.673,2,file,0,1101,0.761,SIM_NO_OP
session_00554,1,0,SIM_READ_FILE,0.722,0.722,1,process,0,0,0.701,SIM_READ_FILE
session_00555,8,0,SIM_NO_OP,0.981,0.676,4,process,0,4353,0.708,SIM_READ_FILE
session_00556,1,0,SIM_SCAN_PORT,0.662,0.662,0,file,1166,1166,0.818,SIM_NO_OP
session_00557,4,0,SIM_READ_FILE,0.683,0.385,0,file,219,3991,0.75,SIM_NO_OP
session_00558,1,0,SIM_SCAN_PORT,0.911,0.911,1,port,0,0,0.865,SIM_READ_FILE
session_00559,2,0,SIM_LIST_PROCESSES,0.738,0.617,1,file,629,1063,0.747,SIM_READ_FILE
session_00560,5,0,SIM_LIST_PROCESSES,0.915,0.582,3,port,0,0,0.663,SIM_READ_FILE
session_00561,6,0,SIM_READ_FILE,0.954,0.717,4,file,0,6264,0.713,SIM_READ_FILE
session_00562,2,1,SIM_SCAN_PORT,0.899,0.802,2,file,243,959,0.701,SIM_NO_OP
session_00563,7,0,SIM_READ_FILE,0.764,0.435,2,file,779,3316,0.745,SIM_READ_FILE
session_00564,5,0,SIM_SCAN_PORT,0.981,0.679,3,file,0,2122,0.773,SIM_READ_FILE
session_00565,8,0,SIM_LIST_PROCESSES,0.948,0.673,5,process,0,627,0.702,SIM_READ_FILE
session_00566,8,0,SIM_SCAN_PORT,0.831,0.428,2,file,1361,3654,0.8,SIM_READ_FILE
session_00567,4,0,SIM_READ_FILE,0.967,0.747,2,file,0,3117,0.879,SIM_READ_FILE
session_00568,6,0,SIM_READ_FILE,0.963,0.556,2,file,0,5751,0.768,SIM_READ_FILE
session_00569,4,0,SIM_READ_FILE,0.806,0.472,1,file,1634,4680,0.768,SIM_READ_FILE
session_00570,8,0,SIM_READ_FILE,0.964,0.683,4,file,2428,7511,0.819,SIM_READ_FILE
session_00571,5,0,SIM_LIST_PROCESSES,0.787,0.519,2,port,0,722,0.662,SIM_READ_FILE
session_00572,6,0,SIM_SCAN_PORT,0.777,0.304,1,file,0,5135,0.791,SIM_READ_FILE
session_00573,3,1,SIM_READ_FILE,0.672,0.394,0,process,2199,2199,0.74,SIM_LIST_PROCESSES
session_00574,5,0,SIM_NO_OP,0.587,0.362,0,file,0,2225,0.799,SIM_NO_OP
session_00575,6,0,SIM_READ_FILE,0.875,0.498,2,file,1748,6841,0.735,SIM_READ_FILE
session_00576,2,1,SIM_NO_OP,0.92,0.748,1,file,2010,2010,0.803,SIM_NO_OP
session_00577,3,0,SIM_SCAN_PORT,0.915,0.38,1,file,2457,5229,0.736,SIM_READ_FILE
session_00578,3,0,SIM_LIST_PROCESSES,0.954,0.552,1,file,0,2215,0.784,SIM_READ_FILE
session_00579,1,0,SIM_READ_FILE,0.506,0.506,0,file,2384,2384,0.79,SIM_READ_FILE
session_00580,2,0,SIM_READ_FILE,0.958,0.912,2,file,783,989,0.853,SIM_READ_FILE
session_00581,5,0,SIM_SCAN_PORT,0.506,0.4,0,file,0,3010,0.781,SIM_NO_OP
session_00582,5,0,SIM_SCAN_PORT,0.925,0.753,3,file,2297,4404,0.76,SIM_READ_FILE
session_00583,5,1,SIM_SCAN_PORT,0.776,0.579,2,process,0,3461,0.777,SIM_LIST_PROCESSES
session_00584,5,1,SIM_SCAN_PORT,0.995,0.64,2,file,2136,4157,0.868,SIM_NO_OP
session_00585,6,0,SIM_READ_FILE,0.92,0.596,2,file,2010,6662,0.745,SIM_READ_FILE
session_00586,1,0,SIM_LIST_PROCESSES,0.779,0.779,1,file,1761,1761,0.942,SIM_READ_FILE
session_00587,8,0,SIM_READ_FILE,0.958,0.562,3,file,783,5227,0.745,SIM_READ_FILE
session_00588,8,0,SIM_NO_OP,0.976,0.643,5,file,1659,4839,0.81,SIM_READ_FILE
session_00589,4,0,SIM_SCAN_PORT,0.815,0.673,2,file,667,2927,0.669,SIM_READ_FILE
session_00590,6,0,SIM_NO_OP,0.922,0.698,4,file,2293,6988,0.833,SIM_READ_FILE
session_00591,5,0,SIM_NO_OP,0.954,0.607,2,file,0,3031,0.71,SIM_READ_FILE
session_00592,2,0,SIM_SCAN_PORT,0.931,0.556,1,file,2316,2316,0.812,SIM_READ_FILE
session_00593,7,0,SIM_NO_OP,0.869,0.369,2,file,1823,6996,0.825,SIM_READ_FILE
session_00594,4,0,SIM_SCAN_PORT,0.455,0.348,0,port,0,488,0.773,SIM_NO_OP
session_00595,4,0,SIM_NO_OP,0.993,0.763,3,file,0,2096,0.711,SIM_READ_FILE
session_00596,8,0,SIM_NO_OP,0.976,0.664,5,file,1659,8193,0.819,SIM_READ_FILE
session_00597,1,0,SIM_LIST_PROCESSES,0.79,0.79,1,file,1477,1477,0.94,SIM_READ_FILE
session_00598,1,1,SIM_LIST_PROCESSES,0.381,0.381,0,port,0,0,0.793,SIM_NO_OP
session_00599,5,0,SIM_SCAN_PORT,0.672,0.53,0,file,2199,3146,0.768,SIM_NO_OP
session_00600,5,1,SIM_NO_OP,0.927,0.598,2,file,1486,4564,0.724,SIM_NO_OP
session_00601,5,0,SIM_SCAN_PORT,1.0,0.394,1,file,0,7906,0.84,SIM_READ_FILE
session_00602,5,0,SIM_SCAN_PORT,0.995,0.693,3,file,1350,4711,0.725,SIM_READ_FILE
session_00603,7,1,SIM_NO_OP,0.993,0.623,4,file,0,6399,0.779,SIM_NO_OP
session_00604,6,1,SIM_READ_FILE,0.769,0.523,2,file,451,7204,0.759,SIM_NO_OP
session_00605,8,0,SIM_NO_OP,0.9,0.386,2,file,280,7980,0.754,SIM_READ_FILE
session_00606,8,0,SIM_READ_FILE,0.819,0.519,2,file,2320,8910,0.837,SIM_READ_FILE
session_00607,4,0,SIM_SCAN_PORT,0.655,0.434,0,file,0,3298,0.839,SIM_NO_OP
session_00608,1,0,SIM_SCAN_PORT,0.116,0.116,0,process,0,0,0.879,SIM_NO_OP
session_00609,8,0,SIM_READ_FILE,0.995,0.809,7,port,2136,4280,0.772,SIM_READ_FILE
session_00610,2,0,SIM_READ_FILE,0.705,0.683,1,file,716,1882,0.796,SIM_READ_FILE
session_00611,5,1,SIM_NO_OP,0.868,0.461,1,file,0,3942,0.825,SIM_NO_OP
session_00612,8,1,SIM_SCAN_PORT,0.988,0.592,3,file,0,9179,0.799,SIM_NO_OP
session_00613,5,0,SIM_SCAN_PORT,0.954,0.449,2,file,0,5770,0.763,SIM_READ_FILE
session_00614,1,0,SIM_LIST_PROCESSES,0.856,0.856,1,file,1221,1221,0.77,SIM_READ_FILE
session_00615,5,0,SIM_READ_FILE,0.917,0.502,1,file,2112,5026,0.742,SIM_READ_FILE
session_00616,3,0,SIM_SCAN_PORT,0.942,0.401,1,file,1402,1402,0.676,SIM_READ_FILE
session_00617,5,0,SIM_READ_FILE,0.929,0.646,3,file,654,2862,0.679,SIM_READ_FILE
session_00618,2,0,SIM_LIST_PROCESSES,0.864,0.669,1,file,0,1574,0.786,SIM_READ_FILE
session_00619,7,1,SIM_SCAN_PORT,0.978,0.515,2,file,0,4137,0.687,SIM_NO_OP
session_00620,5,0,SIM_SCAN_PORT,0.867,0.631,1,file,1792,8410,0.857,SIM_READ_FILE
session_00621,4,0,SIM_LIST_PROCESSES,0.94,0.496,1,file,770,2969,0.803,SIM_READ_FILE
session_00622,7,0,SIM_READ_FILE,0.747,0.429,1,file,0,5667,0.72,SIM_READ_FILE
session_00623,6,0,SIM_READ_FILE,0.995,0.586,2,file,1350,4914,0.769,SIM_READ_FILE
session_00624,7,0,SIM_LIST_PROCESSES,0.988,0.666,4,port,0,4033,0.738,SIM_READ_FILE
session_00625,3,0,SIM_READ_FILE,0.688,0.465,0,file,2317,3451,0.9,SIM_READ_FILE
session_00626,2,0,SIM_SCAN_PORT,0.747,0.695,1,file,0,315,0.685,SIM_READ_FILE
session_00627,1,0,SIM_READ_FILE,0.619,0.619,0,file,766,766,0.915,SIM_NO_OP
session_00628,4,0,SIM_READ_FILE,0.978,0.766,3,process,0,772,0.732,SIM_READ_FILE
session_00629,3,0,SIM_LIST_PROCESSES,0.827,0.661,1,port,0,988,0.706,SIM_READ_FILE
session_00630,3,0,SIM_READ_FILE,0.867,0.655,1,file,206,2609,0.83,SIM_READ_FILE
session_00631,5,0,SIM_SCAN_PORT,0.954,0.725,4,port,0,618,0.686,SIM_READ_FILE
session_00632,2,1,SIM_NO_OP,0.481,0.446,0,file,1130,1130,0.799,SIM_NO_OP
session_00633,1,0,SIM_SCAN_PORT,0.815,0.815,1,file,667,667,0.873,SIM_READ_FILE
session_00634,2,0,SIM_LIST_PROCESSES,0.852,0.539,1,file,2491,2491,0.699,SIM_READ_FILE
session_00635,2,0,SIM_LIST_PROCESSES,0.618,0.528,0,file,1718,1718,0.677,SIM_NO_OP
session_00636,2,0,SIM_READ_FILE,0.538,0.378,0,file,762,762,0.833,SIM_NO_OP
session_00637,5,0,SIM_READ_FILE,0.642,0.456,0,file,315,2895,0.784,SIM_NO_OP
session_00638,7,0,SIM_NO_OP,0.942,0.471,2,file,1402,5525,0.722,SIM_READ_FILE
session_00639,7,0,SIM_NO_OP,0.927,0.493,1,file,467,2918,0.767,SIM_READ_FILE
session_00640,6,0,SIM_READ_FILE,0.958,0.583,2,file,783,3228,0.795,SIM_READ_FILE
session_00641,6,0,SIM_READ_FILE,0.853,0.481,2,file,0,4979,0.837,SIM_READ_FILE
session_00642,4,0,SIM_SCAN_PORT,0.738,0.679,2,file,1738,4736,0.804,SIM_READ_FILE
session_00643,8,0,SIM_NO_OP,0.915,0.503,3,file,2457,8957,0.763,SIM_READ_FILE
session_00644,5,0,SIM_SCAN_PORT,0.873,0.632,3,file,0,5191,0.808,SIM_READ_FILE
session_00645,1,1,SIM_NO_OP,0.895,0.895,1,file,1053,1053,0.736,SIM_NO_OP
session_00646,3,0,SIM_READ_FILE,0.526,0.336,0,file,0,255,0.873,SIM_NO_OP
session_00647,8,1,SIM_LIST_PROCESSES,0.909,0.617,4,file,0,6081,0.746,SIM_NO_OP
session_00648,5,0,SIM_READ_FILE,0.991,0.733,3,file,1741,3680,0.815,SIM_READ_FILE
session_00649,2,0,SIM_LIST_PROCESSES,0.638,0.633,0,file,0,1621,0.915,SIM_NO_OP
session_00650,4,0,SIM_READ_FILE,0.878,0.648,2,file,618,1931,0.766,SIM_READ_FILE
session_00651,3,0,SIM_LIST_PROCESSES,0.735,0.648,1,file,1480,2996,0.69,SIM_READ_FILE
session_00652,2,0,SIM_LIST_PROCESSES,0.995,0.717,1,file,2136,3217,0.737,SIM_READ_FILE
session_00653,3,1,SIM_READ_FILE,0.71,0.429,1,file,0,3100,0.651,SIM_NO_OP
session_00654,7,0,SIM_SCAN_PORT,0.922,0.495,2,file,2293,10926,0.869,SIM_READ_FILE
session_00655,8,0,SIM_LIST_PROCESSES,0.911,0.679,5,file,914,6091,0.738,SIM_READ_FILE
session_00656,1,1,SIM_NO_OP,0.34,0.34,0,process,0,0,0.886,SIM_NO_OP
session_00657,2,0,SIM_NO_OP,0.852,0.503,1,port,0,0,0.827,SIM_LIST_PROCESSES
session_00658,4,0,SIM_LIST_PROCESSES,0.87,0.668,3,file,0,1938,0.85,SIM_READ_FILE
session_00659,4,0,SIM_NO_OP,0.582,0.355,0,file,250,5733,0.777,SIM_NO_OP
session_00660,3,0,SIM_SCAN_PORT,0.451,0.29,0,file,1838,3909,0.782,SIM_NO_OP
session_00661,5,1,SIM_READ_FILE,0.773,0.551,1,file,428,2904,0.731,SIM_NO_OP
session_00662,3,0,SIM_READ_FILE,0.574,0.369,0,file,0,4099,0.868,SIM_NO_OP
session_00663,4,0,SIM_LIST_PROCESSES,0.949,0.522,2,process,0,2010,0.819,SIM_READ_FILE
session_00664,6,0,SIM_NO_OP,0.994,0.772,4,file,476,6910,0.79,SIM_READ_FILE
session_00665,7,1,SIM_NO_OP,0.929,0.468,2,file,654,6469,0.791,SIM_NO_OP
session_00666,6,0,SIM_LIST_PROCESSES,0.872,0.418,2,file,0,6216,0.649,SIM_READ_FILE
session_00667,1,0,SIM_SCAN_PORT,0.791,0.791,1,port,0,0,0.507,SIM_READ_FILE
session_00668,8,1,SIM_LIST_PROCESSES,0.991,0.577,3,file,1741,8264,0.801,SIM_NO_OP
session_00669,4,0,SIM_LIST_PROCESSES,0.981,0.536,2,file,0,4002,0.808,SIM_READ_FILE
session_00670,8,0,SIM_LIST_PROCESSES,0.813,0.477,1,file,0,9457,0.747,SIM_READ_FILE
session_00671,1,0,SIM_READ_FILE,0.582,0.582,0,file,1565,1565,0.665,SIM_NO_OP
session_00672,1,0,SIM_NO_OP,0.819,0.819,1,file,2320,2320,0.974,SIM_READ_FILE
session_00673,2,0,SIM_READ_FILE,0.974,0.721,1,file,0,2115,0.734,SIM_READ_FILE
session_00674,7,1,SIM_SCAN_PORT,0.917,0.586,4,file,2112,9195,0.824,SIM_NO_OP
session_00675,8,0,SIM_NO_OP,0.867,0.535,3,file,1792,5178,0.799,SIM_READ_FILE
session_00676,6,1,SIM_SCAN_PORT,0.867,0.474,2,process,1792,3573,0.891,SIM_LIST_PROCESSES
session_00677,5,0,SIM_LIST_PROCESSES,0.878,0.496,2,file,618,2349,0.667,SIM_READ_FILE
session_00678,2,0,SIM_READ_FILE,0.528,0.314,0,file,638,638,0.794,SIM_NO_OP
session_00679,6,1,SIM_SCAN_PORT,0.87,0.618,2,file,0,8098,0.856,SIM_NO_OP
session_00680,2,0,SIM_LIST_PROCESSES,0.587,0.459,0,port,0,0,0.848,SIM_NO_OP
session_00681,4,0,SIM_LIST_PROCESSES,0.627,0.523,0,file,1621,2673,0.821,SIM_NO_OP
session_00682,4,0,SIM_SCAN_PORT,0.926,0.505,1,file,1004,4139,0.819,SIM_READ_FILE
session_00683,6,0,SIM_SCAN_PORT,0.929,0.681,3,file,654,5027,0.744,SIM_READ_FILE
session_00684,6,1,SIM_NO_OP,0.791,0.512,2,file,0,2783,0.738,SIM_NO_OP
session_00685,5,0,SIM_NO_OP,0.866,0.691,3,file,298,2939,0.778,SIM_READ_FILE
session_00686,4,0,SIM_LIST_PROCESSES,0.948,0.726,2,file,0,2490,0.776,SIM_READ_FILE
session_00687,7,1,SIM_LIST_PROCESSES,0.92,0.489,2,file,2010,6081,0.792,SIM_NO_OP
session_00688,6,0,SIM_NO_OP,0.574,0.309,0,port,0,4112,0.876,SIM_NO_OP
session_00689,3,0,SIM_LIST_PROCESSES,0.991,0.657,2,file,1741,2889,0.703,SIM_READ_FILE
session_00690,5,0,SIM_LIST_PROCESSES,0.926,0.551,3,file,1004,3457,0.788,SIM_READ_FILE
session_00691,3,1,SIM_LIST_PROCESSES,0.908,0.806,2,file,0,1221,0.861,SIM_NO_OP
session_00692,3,1,SIM_SCAN_PORT,0.494,0.46,0,file,2373,6388,0.763,SIM_NO_OP
session_00693,8,0,SIM_SCAN_PORT,0.996,0.531,3,file,1859,7640,0.854,SIM_READ_FILE
session_00694,8,0,SIM_NO_OP,0.895,0.678,4,file,1053,7116,0.813,SIM_READ_FILE
session_00695,3,0,SIM_SCAN_PORT,0.735,0.473,1,file,0,370,0.763,SIM_READ_FILE
session_00696,5,1,SIM_NO_OP,0.911,0.653,2,file,0,3805,0.819,SIM_NO_OP
session_00697,2,0,SIM_LIST_PROCESSES,0.806,0.798,2,file,1634,1634,0.803,SIM_READ_FILE
session_00698,2,0,SIM_LIST_PROCESSES,0.619,0.417,0,file,766,1111,0.814,SIM_NO_OP
session_00699,2,0,SIM_LIST_PROCESSES,0.683,0.636,0,file,219,1760,0.722,SIM_NO_OP
session_00700,4,1,SIM_NO_OP,0.579,0.362,0,file,1587,2219,0.742,SIM_NO_OP
session_00701,2,1,SIM_SCAN_PORT,0.66,0.633,0,file,254,254,0.827,SIM_NO_OP
session_00702,1,0,SIM_LIST_PROCESSES,0.911,0.911,1,port,0,0,0.865,SIM_READ_FILE
session_00703,7,0,SIM_NO_OP,0.927,0.57,3,file,1486,10811,0.82,SIM_READ_FILE
session_00704,2,0,SIM_NO_OP,0.078,0.074,0,file,516,516,0.883,SIM_NO_OP
session_00705,5,1,SIM_READ_FILE,0.819,0.462,2,file,2320,5986,0.846,SIM_NO_OP
session_00706,5,0,SIM_READ_FILE,0.811,0.41,1,file,862,3130,0.715,SIM_SCAN_PORT
session_00707,7,1,SIM_NO_OP,0.964,0.509,2,file,2428,6368,0.757,SIM_NO_OP
session_00708,8,0,SIM_READ_FILE,0.867,0.481,3,file,1792,5933,0.776,SIM_READ_FILE
session_00709,5,0,SIM_SCAN_PORT,0.997,0.689,3,file,0,1305,0.808,SIM_READ_FILE
session_00710,8,0,SIM_READ_FILE,0.86,0.624,3,file,0,5266,0.76,SIM_READ_FILE
session_00711,6,0,SIM_READ_FILE,0.852,0.593,3,file,0,3972,0.758,SIM_READ_FILE
session_00712,1,1,SIM_READ_FILE,0.815,0.815,1,file,667,667,0.873,SIM_NO_OP
session_00713,8,0,SIM_SCAN_PORT,0.968,0.577,4,file,832,11238,0.822,SIM_READ_FILE
session_00714,5,0,SIM_LIST_PROCESSES,0.866,0.589,3,process,298,2580,0.733,SIM_READ_FILE
session_00715,3,0,SIM_SCAN_PORT,0.473,0.445,0,file,320,1042,0.69,SIM_NO_OP
session_00716,6,1,SIM_SCAN_PORT,0.976,0.514,2,file,1659,5782,0.791,SIM_NO_OP
session_00717,8,0,SIM_READ_FILE,0.972,0.501,3,file,2063,10805,0.834,SIM_READ_FILE
session_00718,2,0,SIM_NO_OP,0.917,0.706,1,file,2112,4485,0.744,SIM_READ_FILE
session_00719,6,1,SIM_SCAN_PORT,0.659,0.454,0,file,1539,4172,0.822,SIM_READ_FILE
session_00720,4,0,SIM_LIST_PROCESSES,0.995,0.777,3,file,2136,3652,0.79,SIM_READ_FILE
session_00721,2,0,SIM_READ_FILE,0.967,0.893,2,file,0,2320,0.934,SIM_READ_FILE
session_00722,8,0,SIM_READ_FILE,0.845,0.504,2,file,0,3195,0.791,SIM_READ_FILE
session_00723,5,0,SIM_READ_FILE,0.911,0.617,2,file,0,6814,0.83,SIM_READ_FILE
session_00724,4,0,SIM_READ_FILE,0.852,0.464,1,file,2491,4533,0.769,SIM_READ_FILE
session_00725,5,0,SIM_LIST_PROCESSES,0.926,0.511,1,file,1004,4520,0.794,SIM_READ_FILE
session_00726,2,0,SIM_LIST_PROCESSES,0.406,0.218,0,file,2215,2215,0.768,SIM_NO_OP
session_00727,5,1,SIM_LIST_PROCESSES,0.991,0.626,2,file,1741,2111,0.775,SIM_NO_OP
session_00728,8,0,SIM_NO_OP,0.863,0.554,3,file,1918,6108,0.742,SIM_READ_FILE
session_00729,4,1,SIM_READ_FILE,0.853,0.709,2,file,0,3664,0.877,SIM_NO_OP
session_00730,8,0,SIM_READ_FILE,0.969,0.611,4,file,0,2999,0.834,SIM_READ_FILE
session_00731,8,0,SIM_NO_OP,0.963,0.565,4,file,0,7524,0.79,SIM_READ_FILE
session_00732,2,0,SIM_READ_FILE,0.811,0.779,2,file,862,862,0.722,SIM_READ_FILE
session_00733,8,1,SIM_NO_OP,0.845,0.569,4,file,0,5680,0.667,SIM_NO_OP
session_00734,2,1,SIM_LIST_PROCESSES,0.846,0.686,1,file,2185,2185,0.861,SIM_NO_OP
session_00735,7,0,SIM_SCAN_PORT,0.876,0.745,5,file,772,4934,0.766,SIM_READ_FILE
session_00736,7,0,SIM_NO_OP,0.929,0.753,6,file,654,4236,0.771,SIM_READ_FILE
session_00737,5,1,SIM_READ_FILE,0.981,0.628,2,process,0,4735,0.867,SIM_LIST_PROCESSES
session_00738,8,0,SIM_READ_FILE,0.747,0.489,2,file,0,10607,0.774,SIM_READ_FILE
session_00739,8,0,SIM_SCAN_PORT,0.964,0.588,3,file,1983,5848,0.786,SIM_READ_FILE
session_00740,1,1,SIM_NO_OP,0.827,0.827,1,port,0,0,0.695,SIM_NO_OP
session_00741,2,0,SIM_NO_OP,0.781,0.649,1,file,1277,2423,0.837,SIM_READ_FILE
session_00742,1,1,SIM_SCAN_PORT,0.414,0.414,0,file,308,308,0.875,SIM_NO_OP
session_00743,3,0,SIM_NO_OP,0.342,0.268,0,file,488,2972,0.71,SIM_NO_OP
session_00744,2,0,SIM_NO_OP,0.658,0.484,0,port,0,0,0.741,SIM_SCAN_PORT
session_00745,3,0,SIM_NO_OP,0.683,0.425,0,file,219,1703,0.779,SIM_NO_OP
session_00746,6,1,SIM_SCAN_PORT,0.776,0.41,1,file,855,6441,0.74,SIM_NO_OP
session_00747,1,0,SIM_SCAN_PORT,0.827,0.827,1,port,0,0,0.695,SIM_READ_FILE
session_00748,7,0,SIM_SCAN_PORT,0.927,0.599,3,file,1486,7520,0.785,SIM_READ_FILE
session_00749,2,0,SIM_READ_FILE,0.95,0.788,1,file,1148,2769,0.86,SIM_READ_FILE
session_00750,1,0,SIM_NO_OP,0.506,0.506,0,file,2384,2384,0.79,SIM_NO_OP
session_00751,7,0,SIM_NO_OP,0.585,0.34,0,file,0,5541,0.814,SIM_NO_OP
session_00752,2,0,SIM_LIST_PROCESSES,0.981,0.839,1,file,0,1110,0.825,SIM_READ_FILE
session_00753,6,0,SIM_READ_FILE,0.964,0.634,3,file,1983,7891,0.814,SIM_READ_FILE
session_00754,4,0,SIM_NO_OP,0.892,0.61,2,file,302,3145,0.891,SIM_READ_FILE
session_00755,2,1,SIM_SCAN_PORT,0.099,0.064,0,port,0,0,0.823,SIM_NO_OP
session_00756,8,0,SIM_NO_OP,0.916,0.679,5,file,948,5984,0.732,SIM_READ_FILE
session_00757,6,0,SIM_LIST_PROCESSES,0.852,0.409,2,file,2491,6143,0.765,SIM_READ_FILE
session_00758,3,0,SIM_NO_OP,0.873,0.682,2,process,0,1480,0.758,SIM_READ_FILE
session_00759,7,0,SIM_LIST_PROCESSES,0.974,0.531,3,file,1310,4343,0.733,SIM_READ_FILE
session_00760,5,0,SIM_NO_OP,0.925,0.464,1,file,2297,7606,0.806,SIM_READ_FILE
session_00761,5,0,SIM_LIST_PROCESSES,0.963,0.659,2,file,0,2738,0.822,SIM_READ_FILE
session_00762,4,0,SIM_NO_OP,0.662,0.507,0,file,1166,3586,0.762,SIM_NO_OP
session_00763,1,1,SIM_LIST_PROCESSES,0.964,0.964,1,file,1983,1983,0.964,SIM_SCAN_PORT
session_00764,3,0,SIM_READ_FILE,0.949,0.55,1,file,0,1138,0.83,SIM_READ_FILE
session_00765,2,0,SIM_READ_FILE,0.865,0.776,1,file,0,2317,0.815,SIM_READ_FILE
session_00766,7,0,SIM_READ_FILE,0.801,0.645,3,file,1597,5155,0.747,SIM_READ_FILE
session_00767,5,0,SIM_SCAN_PORT,0.876,0.716,3,file,772,4263,0.797,SIM_READ_FILE
session_00768,7,1,SIM_SCAN_PORT,0.915,0.668,4,file,1969,8735,0.755,SIM_NO_OP
session_00769,5,0,SIM_READ_FILE,0.683,0.351,0,process,219,990,0.704,SIM_LIST_PROCESSES
session_00770,7,0,SIM_SCAN_PORT,0.811,0.467,1,file,862,8073,0.805,SIM_READ_FILE
session_00771,1,0,SIM_READ_FILE,0.566,0.566,0,port,0,0,0.888,SIM_NO_OP
session_00772,1,0,SIM_LIST_PROCESSES,0.967,0.967,1,port,0,0,0.894,SIM_READ_FILE
session_00773,7,0,SIM_NO_OP,0.915,0.574,3,file,0,3251,0.729,SIM_READ_FILE
session_00774,7,0,SIM_LIST_PROCESSES,0.901,0.567,3,file,2001,11203,0.776,SIM_READ_FILE
session_00775,6,0,SIM_NO_OP,0.996,0.474,2,file,1859,4037,0.747,SIM_READ_FILE
session_00776,7,0,SIM_SCAN_PORT,0.958,0.481,2,file,783,6994,0.856,SIM_READ_FILE
session_00777,6,0,SIM_NO_OP,0.773,0.431,1,file,428,4389,0.886,SIM_READ_FILE
session_00778,3,0,SIM_SCAN_PORT,0.852,0.57,1,file,2491,4429,0.757,SIM_READ_FILE
session_00779,2,0,SIM_LIST_PROCESSES,0.993,0.555,1,file,1826,3771,0.915,SIM_READ_FILE
session_00780,7,1,SIM_SCAN_PORT,0.925,0.565,3,file,2297,8635,0.825,SIM_NO_OP
session_00781,4,0,SIM_NO_OP,0.701,0.479,1,file,1615,6015,0.69,SIM_READ_FILE
session_00782,4,0,SIM_LIST_PROCESSES,0.969,0.399,1,file,0,2034,0.782,SIM_READ_FILE
session_00783,8,0,SIM_LIST_PROCESSES,0.909,0.533,3,file,0,7767,0.835,SIM_READ_FILE
session_00784,6,0,SIM_NO_OP,0.991,0.48,2,file,1741,4942,0.805,SIM_READ_FILE
session_00785,8,0,SIM_NO_OP,0.939,0.595,4,file,0,9201,0.736,SIM_READ_FILE
session_00786,4,0,SIM_NO_OP,0.837,0.43,2,file,0,1777,0.883,SIM_READ_FILE
session_00787,3,0,SIM_NO_OP,0.759,0.45,1,file,2136,6134,0.887,SIM_READ_FILE
session_00788,6,0,SIM_SCAN_PORT,0.747,0.52,2,file,0,3544,0.705,SIM_READ_FILE
session_00789,7,0,SIM_READ_FILE,0.963,0.562,3,port,0,4099,0.79,SIM_READ_FILE
session_00790,1,0,SIM_LIST_PROCESSES,0.469,0.469,0,file,1807,1807,0.903,SIM_NO_OP
session_00791,6,1,SIM_NO_OP,0.847,0.578,2,port,0,1062,0.692,SIM_NO_OP
session_00792,7,0,SIM_NO_OP,0.917,0.462,2,file,2112,7521,0.812,SIM_READ_FILE
session_00793,8,1,SIM_READ_FILE,0.995,0.766,6,file,2136,9109,0.824,SIM_NO_OP
session_00794,8,0,SIM_SCAN_PORT,0.968,0.501,3,file,832,5804,0.85,SIM_READ_FILE
session_00795,3,0,SIM_LIST_PROCESSES,0.425,0.337,0,file,722,722,0.713,SIM_NO_OP
session_00796,8,1,SIM_NO_OP,0.866,0.451,3,file,592,8074,0.815,SIM_NO_OP
session_00797,8,1,SIM_LIST_PROCESSES,0.929,0.631,4,file,654,4999,0.77,SIM_NO_OP
session_00798,2,1,SIM_LIST_PROCESSES,0.785,0.78,2,file,1950,2805,0.76,SIM_NO_OP
session_00799,5,0,SIM_READ_FILE,0.993,0.68,2,process,0,540,0.682,SIM_READ_FILE
session_00800,3,0,SIM_READ_FILE,0.866,0.709,1,file,298,3700,0.752,SIM_READ_FILE
session_00801,1,0,SIM_READ_FILE,0.776,0.776,1,file,855,855,0.825,SIM_READ_FILE
session_00802,2,1,SIM_NO_OP,0.715,0.594,1,file,1918,2238,0.712,SIM_NO_OP
session_00803,8,0,SIM_NO_OP,0.864,0.656,3,file,0,4210,0.841,SIM_READ_FILE
session_00804,3,0,SIM_READ_FILE,0.892,0.66,2,file,302,842,0.887,SIM_READ_FILE
session_00805,7,1,SIM_LIST_PROCESSES,0.926,0.632,4,file,1786,9647,0.78,SIM_NO_OP
session_00806,7,0,SIM_NO_OP,0.899,0.49,3,file,0,5358,0.786,SIM_READ_FILE
session_00807,5,1,SIM_SCAN_PORT,0.917,0.718,4,file,2112,3901,0.72,SIM_NO_OP
session_00808,8,0,SIM_SCAN_PORT,0.837,0.649,3,file,0,6482,0.851,SIM_READ_FILE
session_00809,7,0,SIM_LIST_PROCESSES,0.954,0.699,5,file,0,5104,0.786,SIM_READ_FILE
session_00810,2,0,SIM_NO_OP,0.867,0.813,2,file,206,2342,0.823,SIM_READ_FILE
session_00811,3,0,SIM_SCAN_PORT,0.993,0.826,3,file,1826,3564,0.773,SIM_READ_FILE
session_00812,2,1,SIM_NO_OP,0.606,0.573,0,file,0,1062,0.791,SIM_NO_OP
session_00813,8,0,SIM_READ_FILE,0.901,0.431,1,file,2001,4698,0.761,SIM_READ_FILE
session_00814,8,0,SIM_NO_OP,0.66,0.426,0,file,254,6339,0.813,SIM_NO_OP
session_00815,8,0,SIM_SCAN_PORT,0.916,0.479,3,file,2144,6706,0.83,SIM_READ_FILE
session_00816,2,1,SIM_NO_OP,0.56,0.493,0,file,1091,1091,0.692,SIM_NO_OP
session_00817,3,0,SIM_NO_OP,0.528,0.369,0,file,1052,3436,0.853,SIM_NO_OP
session_00818,6,1,SIM_READ_FILE,0.967,0.719,4,file,0,5341,0.829,SIM_NO_OP
session_00819,1,0,SIM_READ_FILE,0.585,0.585,0,port,0,0,0.903,SIM_NO_OP
session_00820,3,0,SIM_LIST_PROCESSES,0.498,0.31,0,file,0,2795,0.716,SIM_NO_OP
session_00821,8,0,SIM_NO_OP,0.715,0.391,1,file,1918,12648,0.787,SIM_READ_FILE
session_00822,8,1,SIM_NO_OP,0.964,0.522,2,file,1983,10071,0.812,SIM_NO_OP
session_00823,8,0,SIM_NO_OP,0.922,0.55,4,file,2293,6337,0.806,SIM_READ_FILE
session_00824,1,1,SIM_SCAN_PORT,0.291,0.291,0,process,0,0,0.613,SIM_NO_OP
session_00825,5,0,SIM_SCAN_PORT,0.974,0.495,1,file,0,5607,0.745,SIM_READ_FILE
session_00826,7,0,SIM_LIST_PROCESSES,0.927,0.555,3,file,1486,9104,0.773,SIM_READ_FILE
session_00827,6,0,SIM_NO_OP,0.917,0.684,3,file,2112,4267,0.76,SIM_READ_FILE
session_00828,6,0,SIM_READ_FILE,0.777,0.525,3,file,0,3657,0.825,SIM_READ_FILE
session_00829,3,0,SIM_READ_FILE,0.852,0.463,1,file,2491,6234,0.864,SIM_READ_FILE
session_00830,8,0,SIM_LIST_PROCESSES,0.969,0.638,4,file,0,9551,0.77,SIM_READ_FILE
session_00831,1,0,SIM_READ_FILE,0.479,0.479,0,file,1977,1977,0.819,SIM_NO_OP
session_00832,2,0,SIM_SCAN_PORT,0.33,0.324,0,file,0,1028,0.73,SIM_NO_OP
session_00833,1,0,SIM_SCAN_PORT,0.091,0.091,0,port,0,0,0.542,SIM_NO_OP
session_00834,2,0,SIM_NO_OP,0.497,0.306,0,file,434,434,0.651,SIM_NO_OP
session_00835,2,0,SIM_READ_FILE,0.721,0.438,1,file,799,799,0.763,SIM_READ_FILE
session_00836,1,1,SIM_READ_FILE,0.577,0.577,0,process,0,0,0.836,SIM_LIST_PROCESSES
session_00837,6,0,SIM_READ_FILE,0.899,0.407,1,file,243,2950,0.827,SIM_READ_FILE
session_00838,6,0,SIM_READ_FILE,0.964,0.54,2,file,1983,7973,0.727,SIM_READ_FILE
session_00839,8,0,SIM_SCAN_PORT,0.991,0.537,4,file,1741,9754,0.709,SIM_READ_FILE
session_00840,4,0,SIM_LIST_PROCESSES,0.942,0.505,2,file,1402,3036,0.725,SIM_READ_FILE
session_00841,7,0,SIM_READ_FILE,0.808,0.367,1,file,1525,6344,0.795,SIM_READ_FILE
session_00842,2,0,SIM_LIST_PROCESSES,0.701,0.413,1,file,1615,2205,0.641,SIM_READ_FILE
session_00843,7,0,SIM_SCAN_PORT,0.942,0.48,3,file,1402,4089,0.722,SIM_READ_FILE
session_00844,5,0,SIM_LIST_PROCESSES,0.949,0.779,3,file,0,4557,0.795,SIM_READ_FILE
session_00845,8,0,SIM_NO_OP,0.911,0.555,2,process,914,1676,0.842,SIM_READ_FILE
session_00846,5,0,SIM_LIST_PROCESSES,0.73,0.538,2,file,1908,6360,0.738,SIM_READ_FILE
session_00847,5,0,SIM_LIST_PROCESSES,0.76,0.453,2,file,316,4265,0.744,SIM_SCAN_PORT
session_00848,4,0,SIM_READ_FILE,0.787,0.492,1,file,0,3204,0.827,SIM_READ_FILE
session_00849,6,0,SIM_READ_FILE,0.892,0.653,3,file,302,3342,0.882,SIM_READ_FILE
session_00850,1,0,SIM_LIST_PROCESSES,0.773,0.773,1,file,428,428,0.944,SIM_READ_FILE
session_00851,4,0,SIM_LIST_PROCESSES,0.923,0.837,4,file,741,3334,0.839,SIM_READ_FILE
session_00852,4,1,SIM_SCAN_PORT,0.589,0.369,0,file,1541,3203,0.729,SIM_NO_OP
session_00853,3,1,SIM_READ_FILE,0.819,0.531,1,file,2320,4561,0.908,SIM_NO_OP
session_00854,3,1,SIM_NO_OP,0.811,0.729,2,file,862,2657,0.739,SIM_NO_OP
session_00855,7,0,SIM_NO_OP,0.997,0.705,4,file,0,3678,0.796,SIM_READ_FILE
session_00856,7,1,SIM_READ_FILE,0.929,0.675,3,file,654,6996,0.749,SIM_NO_OP
session_00857,8,0,SIM_READ_FILE,0.865,0.457,2,file,0,7421,0.848,SIM_READ_FILE
session_00858,5,0,SIM_SCAN_PORT,0.831,0.603,3,file,1361,6701,0.712,SIM_READ_FILE
session_00859,8,0,SIM_SCAN_PORT,0.995,0.583,3,file,2136,7944,0.806,SIM_READ_FILE
session_00860,4,1,SIM_SCAN_PORT,0.981,0.469,1,file,0,1568,0.732,SIM_NO_OP
session_00861,1,0,SIM_SCAN_PORT,0.582,0.582,0,file,1565,1565,0.665,SIM_NO_OP
session_00862,6,0,SIM_NO_OP,0.917,0.488,2,file,2112,3998,0.778,SIM_READ_FILE
session_00863,8,0,SIM_NO_OP,0.931,0.4,3,file,2316,6456,0.841,SIM_READ_FILE
session_00864,1,0,SIM_SCAN_PORT,0.219,0.219,0,port,0,0,0.593,SIM_NO_OP
session_00865,3,0,SIM_SCAN_PORT,0.619,0.354,0,file,766,766,0.784,SIM_NO_OP
session_00866,2,1,SIM_READ_FILE,0.358,0.346,0,process,0,0,0.769,SIM_NO_OP
session_00867,4,1,SIM_LIST_PROCESSES,0.811,0.56,2,file,862,3100,0.801,SIM_NO_OP
session_00868,5,0,SIM_SCAN_PORT,0.911,0.458,1,file,914,2080,0.813,SIM_READ_FILE
session_00869,1,0,SIM_READ_FILE,0.227,0.227,0,process,0,0,0.588,SIM_NO_OP
session_00870,3,0,SIM_SCAN_PORT,0.619,0.346,0,file,766,2119,0.77,SIM_NO_OP
session_00871,2,0,SIM_LIST_PROCESSES,0.846,0.773,2,file,2185,2185,0.91,SIM_READ_FILE
session_00872,2,0,SIM_LIST_PROCESSES,0.715,0.465,1,file,1918,2263,0.763,SIM_READ_FILE
session_00873,6,1,SIM_LIST_PROCESSES,0.939,0.656,3,file,0,7235,0.744,SIM_NO_OP
session_00874,6,0,SIM_LIST_PROCESSES,0.964,0.618,2,file,1983,7685,0.829,SIM_READ_FILE
session_00875,7,1,SIM_READ_FILE,0.867,0.506,2,file,1792,8320,0.878,SIM_NO_OP
session_00876,4,0,SIM_LIST_PROCESSES,0.498,0.479,0,file,0,3295,0.829,SIM_NO_OP
session_00877,3,0,SIM_LIST_PROCESSES,0.712,0.379,1,file,1097,1888,0.935,SIM_READ_FILE
session_00878,3,0,SIM_NO_OP,0.846,0.429,1,file,2185,2956,0.779,SIM_READ_FILE
session_00879,8,0,SIM_NO_OP,0.974,0.631,4,file,1310,10595,0.869,SIM_READ_FILE
session_00880,5,0,SIM_SCAN_PORT,0.94,0.799,4,file,770,2051,0.853,SIM_READ_FILE
session_00881,2,0,SIM_READ_FILE,0.852,0.795,2,file,1987,3725,0.806,SIM_READ_FILE
session_00882,5,0,SIM_SCAN_PORT,0.995,0.554,2,file,1350,4095,0.737,SIM_READ_FILE
session_00883,8,0,SIM_LIST_PROCESSES,0.993,0.546,2,file,0,9426,0.731,SIM_READ_FILE
session_00884,1,0,SIM_READ_FILE,0.981,0.981,1,process,0,0,0.617,SIM_READ_FILE
session_00885,7,1,SIM_READ_FILE,0.981,0.434,1,port,0,254,0.879,SIM_NO_OP
session_00886,8,0,SIM_READ_FILE,0.926,0.63,3,file,1004,5071,0.821,SIM_READ_FILE
session_00887,6,0,SIM_SCAN_PORT,0.972,0.668,4,file,2063,8607,0.739,SIM_READ_FILE
session_00888,5,1,SIM_NO_OP,0.972,0.469,2,file,2063,4531,0.757,SIM_NO_OP
session_00889,4,1,SIM_SCAN_PORT,0.978,0.651,2,file,0,4090,0.822,SIM_NO_OP
session_00890,8,0,SIM_LIST_PROCESSES,0.991,0.491,2,port,1741,4023,0.754,SIM_READ_FILE
session_00891,3,0,SIM_LIST_PROCESSES,0.799,0.532,1,file,1516,3146,0.781,SIM_READ_FILE
session_00892,5,0,SIM_NO_OP,0.924,0.741,4,file,0,2828,0.685,SIM_NO_OP
session_00893,1,0,SIM_NO_OP,0.473,0.473,0,file,320,320,0.61,SIM_NO_OP
session_00894,8,0,SIM_NO_OP,0.974,0.563,3,file,0,5381,0.784,SIM_READ_FILE
session_00895,6,0,SIM_LIST_PROCESSES,0.668,0.3,0,file,370,5233,0.79,SIM_NO_OP
session_00896,7,0,SIM_READ_FILE,0.993,0.54,2,file,1826,8366,0.861,SIM_NO_OP
session_00897,1,0,SIM_SCAN_PORT,0.191,0.191,0,process,0,0,0.794,SIM_NO_OP
session_00898,4,0,SIM_SCAN_PORT,0.738,0.404,1,file,629,4979,0.721,SIM_READ_FILE
session_00899,4,0,SIM_READ_FILE,0.837,0.411,1,process,0,215,0.881,SIM_READ_FILE
session_00900,2,0,SIM_NO_OP,0.701,0.385,1,file,1615,3531,0.659,SIM_READ_FILE
session_00901,2,1,SIM_NO_OP,0.799,0.477,1,file,1516,1516,0.674,SIM_NO_OP
session_00902,7,0,SIM_NO_OP,0.732,0.546,2,file,0,6329,0.755,SIM_READ_FILE
session_00903,7,0,SIM_NO_OP,0.845,0.599,3,file,0,1817,0.807,SIM_READ_FILE
session_00904,2,0,SIM_READ_FILE,0.638,0.382,0,file,0,590,0.672,SIM_NO_OP
session_00905,6,0,SIM_LIST_PROCESSES,0.864,0.611,4,file,0,5041,0.755,SIM_READ_FILE
session_00906,3,0,SIM_NO_OP,0.978,0.536,1,process,0,737,0.855,SIM_READ_FILE
session_00907,8,0,SIM_SCAN_PORT,0.974,0.447,2,file,1310,11825,0.716,SIM_READ_FILE
session_00908,3,0,SIM_SCAN_PORT,0.497,0.297,0,file,266,2613,0.838,SIM_NO_OP
session_00909,1,0,SIM_LIST_PROCESSES,0.305,0.305,0,process,0,0,0.804,SIM_NO_OP
session_00910,1,0,SIM_LIST_PROCESSES,0.288,0.288,0,file,2413,2413,0.962,SIM_NO_OP
session_00911,4,0,SIM_NO_OP,0.927,0.431,1,file,467,2082,0.789,SIM_READ_FILE
session_00912,6,0,SIM_READ_FILE,0.933,0.53,2,file,1810,4186,0.703,SIM_READ_FILE
session_00913,1,0,SIM_READ_FILE,0.974,0.974,1,process,0,0,0.771,SIM_READ_FILE
session_00914,4,0,SIM_SCAN_PORT,0.735,0.426,1,file,1480,4820,0.812,SIM_READ_FILE
session_00915,7,0,SIM_READ_FILE,0.926,0.509,2,file,1786,10394,0.809,SIM_READ_FILE
session_00916,8,1,SIM_LIST_PROCESSES,0.968,0.63,4,file,832,6785,0.749,SIM_NO_OP
session_00917,5,1,SIM_READ_FILE,0.875,0.439,1,file,1748,3504,0.703,SIM_NO_OP
session_00918,5,0,SIM_READ_FILE,0.94,0.526,2,file,770,5565,0.708,SIM_READ_FILE
session_00919,4,0,SIM_LIST_PROCESSES,0.95,0.652,2,file,1148,4990,0.819,SIM_READ_FILE
session_00920,7,1,SIM_NO_OP,0.915,0.64,2,file,2457,8514,0.746,SIM_NO_OP
session_00921,6,0,SIM_LIST_PROCESSES,0.997,0.583,2,file,0,3789,0.8,SIM_READ_FILE
session_00922,5,0,SIM_SCAN_PORT,0.678,0.324,0,file,1837,5791,0.782,SIM_NO_OP
session_00923,8,1,SIM_NO_OP,0.993,0.367,1,port,0,3418,0.771,SIM_NO_OP
session_00924,6,0,SIM_NO_OP,0.873,0.628,2,file,0,5441,0.856,SIM_READ_FILE
session_00925,8,1,SIM_LIST_PROCESSES,0.978,0.502,2,file,0,4161,0.735,SIM_NO_OP
session_00926,8,0,SIM_SCAN_PORT,0.95,0.588,4,file,1148,11610,0.803,SIM_READ_FILE
session_00927,2,1,SIM_NO_OP,0.712,0.474,1,file,0,2484,0.77,SIM_NO_OP
session_00928,4,0,SIM_NO_OP,0.606,0.482,0,file,0,3054,0.819,SIM_NO_OP
session_00929,7,1,SIM_LIST_PROCESSES,0.65,0.385,0,file,1982,8699,0.844,SIM_NO_OP
session_00930,2,0,SIM_READ_FILE,0.786,0.421,1,file,1789,2049,0.74,SIM_READ_FILE
session_00931,4,1,SIM_LIST_PROCESSES,0.968,0.773,3,file,832,5728,0.738,SIM_NO_OP
session_00932,6,1,SIM_LIST_PROCESSES,0.954,0.529,2,file,0,4157,0.807,SIM_NO_OP
session_00933,5,0,SIM_NO_OP,0.916,0.606,3,file,948,4701,0.753,SIM_READ_FILE
session_00934,1,0,SIM_LIST_PROCESSES,0.705,0.705,1,file,716,716,0.775,SIM_READ_FILE
session_00935,4,0,SIM_NO_OP,0.994,0.723,2,file,476,2384,0.689,SIM_READ_FILE
session_00936,8,0,SIM_NO_OP,0.922,0.348,2,file,0,7108,0.714,SIM_READ_FILE
session_00937,1,1,SIM_LIST_PROCESSES,0.003,0.003,0,file,771,771,0.748,SIM_NO_OP
session_00938,1,0,SIM_SCAN_PORT,0.873,0.873,1,process,0,0,0.781,SIM_READ_FILE
session_00939,7,0,SIM_SCAN_PORT,0.967,0.747,5,port,0,4329,0.772,SIM_READ_FILE
session_00940,1,1,SIM_SCAN_PORT,0.659,0.659,0,file,1539,1539,0.76,SIM_NO_OP
session_00941,7,0,SIM_SCAN_PORT,0.785,0.356,1,file,1950,9766,0.782,SIM_READ_FILE
session_00942,8,1,SIM_NO_OP,0.991,0.449,2,file,1741,4853,0.828,SIM_LIST_PROCESSES
session_00943,2,0,SIM_SCAN_PORT,0.776,0.649,1,file,855,2744,0.845,SIM_READ_FILE
session_00944,2,0,SIM_READ_FILE,0.773,0.768,2,file,428,1207,0.912,SIM_READ_FILE
session_00945,7,0,SIM_NO_OP,0.933,0.524,2,file,1810,8950,0.826,SIM_READ_FILE
session_00946,4,0,SIM_NO_OP,0.995,0.751,2,file,1350,3878,0.775,SIM_READ_FILE
session_00947,5,0,SIM_LIST_PROCESSES,0.964,0.536,2,port,1983,1983,0.824,SIM_LIST_PROCESSES
session_00948,8,0,SIM_READ_FILE,0.926,0.53,1,file,1786,6117,0.788,SIM_READ_FILE
session_00949,5,0,SIM_NO_OP,0.916,0.79,3,port,948,1228,0.813,SIM_READ_FILE
session_00950,3,0,SIM_NO_OP,0.993,0.515,1,file,1826,5312,0.898,SIM_READ_FILE
session_00951,3,0,SIM_READ_FILE,0.658,0.345,0,file,0,577,0.759,SIM_NO_OP
session_00952,3,0,SIM_READ_FILE,0.852,0.45,1,process,0,1081,0.806,SIM_READ_FILE
session_00953,4,1,SIM_SCAN_PORT,0.708,0.432,1,process,0,2241,0.789,SIM_LIST_PROCESSES
session_00954,2,0,SIM_NO_OP,0.822,0.568,1,port,0,0,0.674,SIM_READ_FILE
session_00955,5,1,SIM_NO_OP,0.964,0.615,1,file,2428,7322,0.808,SIM_NO_OP
session_00956,7,0,SIM_SCAN_PORT,0.801,0.521,1,file,1597,7921,0.797,SIM_READ_FILE
session_00957,8,0,SIM_LIST_PROCESSES,0.964,0.546,3,file,2428,5622,0.761,SIM_READ_FILE
session_00958,5,1,SIM_READ_FILE,0.991,0.611,1,file,1741,7090,0.755,SIM_NO_OP
session_00959,7,1,SIM_SCAN_PORT,0.866,0.568,3,file,298,4812,0.776,SIM_NO_OP
session_00960,1,0,SIM_NO_OP,0.309,0.309,0,port,0,0,0.716,SIM_NO_OP
session_00961,2,0,SIM_READ_FILE,0.967,0.82,1,file,0,2199,0.851,SIM_READ_FILE
session_00962,1,0,SIM_LIST_PROCESSES,0.745,0.745,1,port,0,0,0.683,SIM_READ_FILE
session_00963,6,0,SIM_SCAN_PORT,0.852,0.488,2,file,2491,11186,0.866,SIM_READ_FILE
session_00964,2,0,SIM_LIST_PROCESSES,0.976,0.701,1,file,1659,3282,0.914,SIM_READ_FILE
session_00965,1,0,SIM_SCAN_PORT,0.128,0.128,0,file,1353,1353,0.781,SIM_NO_OP
session_00966,4,0,SIM_READ_FILE,0.814,0.498,2,file,1368,2308,0.862,SIM_READ_FILE
session_00967,2,1,SIM_NO_OP,0.772,0.623,1,file,1667,1987,0.7,SIM_NO_OP
session_00968,1,0,SIM_LIST_PROCESSES,0.672,0.672,0,file,2199,2199,0.808,SIM_NO_OP
session_00969,5,0,SIM_NO_OP,0.699,0.475,0,file,215,4035,0.763,SIM_NO_OP
session_00970,8,0,SIM_NO_OP,0.991,0.666,4,file,1741,3906,0.782,SIM_READ_FILE
session_00971,3,0,SIM_SCAN_PORT,0.997,0.943,3,file,0,2531,0.812,SIM_READ_FILE
session_00972,8,0,SIM_LIST_PROCESSES,0.981,0.483,1,file,0,5849,0.678,SIM_READ_FILE
session_00973,1,1,SIM_READ_FILE,0.452,0.452,0,file,255,255,0.944,SIM_NO_OP
session_00974,7,0,SIM_LIST_PROCESSES,0.974,0.377,2,file,1310,8482,0.74,SIM_READ_FILE
session_00975,4,0,SIM_NO_OP,0.787,0.48,1,file,0,2437,0.736,SIM_READ_FILE
session_00976,6,1,SIM_NO_OP,0.853,0.485,1,file,0,4908,0.787,SIM_NO_OP
session_00977,5,0,SIM_LIST_PROCESSES,0.988,0.703,3,file,0,3814,0.796,SIM_READ_FILE
session_00978,4,0,SIM_NO_OP,0.972,0.645,2,port,2063,2063,0.725,SIM_READ_FILE
session_00979,3,1,SIM_NO_OP,0.954,0.634,1,file,0,2852,0.862,SIM_NO_OP
session_00980,4,1,SIM_LIST_PROCESSES,0.995,0.621,2,file,2136,5893,0.824,SIM_NO_OP
session_00981,4,0,SIM_SCAN_PORT,0.916,0.721,2,file,2144,4598,0.683,SIM_READ_FILE
session_00982,4,0,SIM_SCAN_PORT,0.819,0.55,1,file,2320,3829,0.852,SIM_READ_FILE
session_00983,4,0,SIM_SCAN_PORT,0.916,0.454,1,file,2144,5454,0.757,SIM_READ_FILE
session_00984,3,0,SIM_NO_OP,0.705,0.56,1,file,716,4106,0.793,SIM_READ_FILE
session_00985,8,0,SIM_LIST_PROCESSES,0.878,0.454,3,file,618,6217,0.743,SIM_READ_FILE
session_00986,8,0,SIM_NO_OP,0.95,0.645,4,file,1148,6854,0.761,SIM_READ_FILE
session_00987,4,0,SIM_NO_OP,0.813,0.517,1,file,0,1771,0.74,SIM_READ_FILE
session_00988,7,0,SIM_READ_FILE,0.981,0.479,3,file,0,3630,0.774,SIM_READ_FILE
session_00989,1,0,SIM_LIST_PROCESSES,0.402,0.402,0,file,589,589,0.829,SIM_NO_OP
session_00990,7,0,SIM_SCAN_PORT,0.949,0.58,3,port,0,3516,0.76,SIM_READ_FILE
session_00991,7,0,SIM_READ_FILE,0.996,0.471,2,file,1859,11346,0.836,SIM_READ_FILE
session_00992,3,0,SIM_LIST_PROCESSES,0.9,0.671,2,file,280,967,0.842,SIM_READ_FILE
session_00993,3,1,SIM_NO_OP,0.494,0.232,0,file,2373,3774,0.678,SIM_NO_OP
session_00994,2,0,SIM_LIST_PROCESSES,0.305,0.231,0,file,0,358,0.812,SIM_NO_OP
session_00995,5,0,SIM_SCAN_PORT,0.924,0.771,4,port,0,2212,0.703,SIM_READ_FILE
session_00996,2,0,SIM_SCAN_PORT,0.997,0.867,2,file,0,629,0.837,SIM_READ_FILE
session_00997,5,1,SIM_LIST_PROCESSES,0.847,0.476,2,file,0,3850,0.683,SIM_NO_OP
session_00998,1,1,SIM_NO_OP,0.976,0.976,1,file,1659,1659,0.96,SIM_NO_OP
session_00999,5,1,SIM_LIST_PROCESSES,0.991,0.518,2,file,1741,3343,0.781,SIM_NO_OP
